fac_id,mod1_id,m1s0q1_2,m1s0q2_2,m1s0q3_2,m1s0q4_2,m1s0q7_1,m1s0q7_2,m1s0q7_3,m1s0q7_5,m1s0q7_6,m1s0q7_7,m1s0q8_h,m1s0q8_mn,m1s0q9_h,m1s0q9_mn,m1s0q10,m1s1q4,m1s1q5,m1s1q6,m1s1q13a,m1s1q13b_c,m1s2q1,m1s2q2,m1s3q1_i,m1s3q1_ii,m1s3q1_iii,m1s3q1_iv,m1s3q1_v,m1s3q1_vi,m1s3q1_vii,m1s3q1_viii,m1s3q1_x,m1s3q2_i,m1s3q2_ii,m1s3q2_iii,m1s3q2_iv,m1s3q2_v,m1s3q2_vi,m1s3q2_vii,m1s3q2_viii,m1s3q2_ix,m1s3q2_x,m1s3q2_xi,m1s3q2_xii,m1s3q2_xiii,m1s3q2_xiv,m1s3q2_xv,m1s3q2_xvi,m1s3q3_i,m1s3q3_ii,m1s3q3_iii,m1s3q3_iv,m1s3q3_v,m1s3q3_vi,m1s3q3_vii,m1s3q3_viii,m1s3q3_ix,m1s3q3_x,m1s3q3_xi,m1s3q3_xii,m1s3q3_xiii,m1s3q3_xiv,m1s3q3_xv,m1s3q3_xvi,m1s3q4,m1s3q5,m1s3q6_i,m1s3q6_iia,m1s3q6_iii,m1s3q6_iv,m1s3q6_v,m1s3q6_vi,m1s3q6_vii,m1s3q7_i,m1s3q7_ii,m1s3q7_iii,m1s3q7_iv,m1s3q7_v,m1s3q7_vi,m1s3q7_vii,weight_m1s,m1s0q2_2_1,has_facility,country,m1s1q13b_a,m1s1q13b_b,m1s3q1_ia,m1s3q1_iia,m1s3q1_iiia,m1s3q1_iva,m1s3q1_va,m1s3q1_via,m1s3q1_viia,m1s3q1_viiia,m1s3q1_xa,m1s3q6_iib
1,86,31,6,21,125,Questionnaire complet,Oui,32,Questionnaire complet,Oui,1,8,0,11,0,Oui,Health Post,Public,Rural,Oui,Téléphone mobile (de l'école),5 or less,5 or less,0,2,0,0,0,1,0,2,0,5,Oui,Oui,4,4,Oui,Oui,4,4,4,Oui,4,4,Oui,4,Oui,,0.0,0.0,15.0,30.0,0.0,0.0,7.0,30.0,30.0,0.0,30.0,30.0,0.0,30.0,Oui,Oui,0.0,,,,,,,,,,,,,,,63.749138,2,1,Senegal-2010,0.0,0.0,0,2,0,0,0,2,0,2,0,
2,30,41,5,17,122,Questionnaire complet,Oui,42,Questionnaire complet,Oui,2,10,45,12,50,Oui,Health Post,Public,Rural,Oui,Téléphone mobile (de l'école),5 or less,5 or less,0,0,0,0,0,0,1,1,0,5,4,5,5,5,5,5,5,5,5,5,5,5,5,5,Oui,,30.0,,,,,,,,,,,,,,Oui,Oui,0.0,,,,,,,,,,,,,,,23.727657,4,1,Senegal-2010,0.0,0.0,0,0,0,0,0,0,2,2,0,
3,135,72,2,5,115,Questionnaire complet,Oui,71,Questionnaire complet,Oui,3,11,45,14,17,Oui,Health Post,Public,Rural,Oui,Téléphone mobile (de l'école),5 or less,5 or less,0,2,0,0,0,1,0,1,0,5,Oui,Oui,Oui,5,Oui,Oui,Oui,Oui,4,5,Oui,4,5,5,4,,0.0,0.0,0.0,,0.0,0.0,0.0,0.0,30.0,,0.0,30.0,,,Non,Oui,0.0,,,,,,,,,,,,,,,29.90738,3,1,Senegal-2010,0.0,0.0,0,2,0,0,0,2,0,2,0,
4,112,71,10,36,134,Questionnaire complet,Oui,72,Questionnaire complet,Oui,3,9,45,12,25,Oui,Health Post,Public,Rural,Oui,Téléphone mobile (de l'école),5 or less,5 or less,0,1,0,0,1,0,0,1,0,Oui,4,5,4,5,4,Oui,5,5,5,5,5,Oui,5,5,4,0.0,0.0,,0.0,,20.0,0.0,,,,,,0.0,,,Non,0,,,,,,,,,,,,,,,,37.013012,1,1,Senegal-2010,0.0,0.0,0,2,0,0,2,0,0,2,0,
5,75,22,6,23,126,Questionnaire complet,Oui,21,Questionnaire complet,Oui,1,10,0,12,13,Oui,Health Post,Public,Rural,Oui,Téléphone mobile (de l'école),5 or less,5 or less,0,0,0,0,0,0,0,1,0,Oui,4,4,4,5,4,5,5,4,5,5,5,4,5,5,Oui,0.0,30.0,30.0,30.0,,30.0,,,30.0,,,,30.0,,,Oui,Oui,0.0,,,,,,,,,,,,,,,10.400542,2,1,Senegal-2010,0.0,0.0,0,0,0,0,0,0,0,2,0,
6,149,11,5,17,151,Questionnaire complet,Oui,12,Questionnaire complet,Oui,3,13,55,14,30,Oui,Health Post,Public,Rural,Oui,Téléphone mobile (de l'école),5 or less,5 or less,0,0,1,0,0,1,0,3,0,4,Oui,Oui,Oui,5,Oui,Oui,5,5,Oui,5,5,Oui,5,5,Oui,30.0,0.0,0.0,0.0,,0.0,0.0,,,0.0,,,0.0,,,Oui,0,,,,,,,,,,,,,,,,13.86989,4,1,Senegal-2010,0.0,0.0,0,0,2,0,0,2,0,2,0,
7,70,31,7,25,146,Questionnaire complet,Oui,32,Questionnaire complet,Oui,1,8,15,11,30,Oui,Health Post,Public,Rural,Oui,Téléphone mobile (de l'école),5 or less,5 or less,0,1,1,0,0,1,1,1,1,Oui,Oui,Oui,Oui,Oui,Oui,Oui,Oui,Oui,Oui,Oui,Oui,Oui,Oui,Oui,Oui,0.0,0.0,0.0,0.0,0.0,0.0,0.0,0.0,0.0,0.0,0.0,0.0,0.0,0.0,0.0,Oui,0,,,,,,,,,,,,,,,,33.04464,2,1,Senegal-2010,0.0,0.0,0,2,2,0,0,2,2,2,1,
8,32,41,4,16,121,Questionnaire complet,Oui,41,Questionnaire complet,Oui,2,12,45,14,25,Oui,Health Post,Public,Rural,Oui,Téléphone mobile (de l'école),5 or less,5 or less,0,0,0,0,0,0,0,1,0,5,4,4,4,5,4,5,5,4,4,5,5,5,5,5,Oui,,15.0,30.0,30.0,,30.0,,,15.0,5.0,,,,,,Oui,0,,,,,,,,,,,,,,,,29.367146,3,1,Senegal-2010,0.0,0.0,0,0,0,0,0,0,0,2,0,
9,67,31,8,27,129,Questionnaire complet,Oui,32,Questionnaire complet,Oui,1,7,50,11,0,Oui,Health Post,Public,Rural,Oui,Téléphone mobile (de l'école),5 or less,5 or less,0,0,0,0,0,0,0,0,0,Oui,Oui,4,Oui,4,Oui,Oui,5,Oui,Oui,5,5,Oui,5,5,Oui,0.0,0.0,2.0,0.0,30.0,0.0,0.0,,0.0,0.0,,,0.0,,,Oui,Oui,0.0,,,,,,,,,,,,,,,33.799633,2,1,Senegal-2010,0.0,0.0,0,0,0,0,0,0,0,0,0,
10,102,72,2,6,117,Questionnaire complet,Oui,71,Questionnaire complet,Oui,3,10,15,12,45,Oui,Health Post,Public,Rural,Non,,5 or less,5 or less,0,5,0,0,0,0,1,1,0,5,Oui,Oui,5,5,5,5,5,5,Oui,5,5,5,5,5,Oui,,0.0,0.0,,,,,,,0.0,,,,,,Oui,Oui,0.0,,,,,,,,,,,,,,,15.525735,3,1,Senegal-2010,,,0,2,0,0,0,0,2,2,0,
11,88,11,6,21,124,Questionnaire complet,Oui,12,Questionnaire complet,Oui,1,11,45,14,0,Oui,Health Post,Public,Rural,Oui,Téléphone mobile (de l'école),5 or less,5 or less,0,0,0,0,1,0,0,1,0,5,5,5,5,5,5,5,5,5,5,5,5,5,5,5,4,,,,,,,,,,,,,,,,Non,0,,,,,,,,,,,,,,,,27.32106,2,1,Senegal-2010,0.0,0.0,0,0,0,0,2,0,0,2,0,
12,131,92,10,37,145,Questionnaire complet,Oui,91,Questionnaire complet,Oui,3,12,50,16,38,Oui,Health Post,Public,Rural,Oui,Téléphone mobile (de l'école),5 or less,Over 5,0,3,1,0,0,1,1,2,0,4,Oui,Oui,5,5,Oui,Oui,5,Oui,5,5,5,5,Oui,5,Oui,30.0,0.0,0.0,,,0.0,0.0,,0.0,,,,,0.0,,Oui,0,,,,,,,,,,,,,,,,58.846375,1,1,Senegal-2010,0.0,0.0,0,2,2,0,0,2,2,2,0,
13,54,51,4,16,140,Questionnaire complet,Oui,52,Questionnaire complet,Oui,2,14,5,16,45,Oui,Health Post,Public,Rural,Oui,Téléphone mobile (de l'école),5 or less,5 or less,0,1,0,0,0,0,0,1,0,Oui,4,4,5,5,4,5,5,4,4,5,5,Oui,5,5,4,15.0,7.0,7.0,,,7.0,,,30.0,30.0,,,0.0,,,Non,Oui,0.0,,,,,,,,,,,,,,,11.746859,3,1,Senegal-2010,0.0,0.0,0,2,0,0,0,0,0,2,0,
14,100,82,10,38,150,Questionnaire complet,Oui,81,Questionnaire complet,Oui,3,13,30,15,55,Oui,Health Post,Public,Rural,Oui,0.0,5 or less,5 or less,0,0,1,0,0,1,0,1,1,4,Oui,4,Oui,Oui,Oui,Oui,Oui,Oui,Oui,4,Oui,Oui,Oui,Oui,Oui,30.0,0.0,30.0,0.0,0.0,0.0,0.0,0.0,0.0,0.0,30.0,0.0,0.0,0.0,0.0,Oui,Oui,0.0,,,,,,,,,,,,,,,15.786184,1,1,Senegal-2010,0.0,2.0,0,0,2,0,0,2,0,2,1,
15,61,42,3,11,120,Questionnaire complet,Oui,41,Questionnaire complet,Oui,2,11,30,17,0,Oui,Health Post,Public,Rural,Oui,Téléphone mobile (de l'école),5 or less,5 or less,0,0,0,0,0,1,1,1,0,Oui,Oui,Oui,Oui,5,Oui,5,5,5,Oui,5,5,Oui,5,5,Oui,0.0,0.0,0.0,0.0,,0.0,,,,0.0,,,0.0,,,Oui,0,,,,,,,,,,,,,,,,5.8988733,3,1,Senegal-2010,0.0,0.0,0,0,0,0,0,2,2,2,0,
16,117,82,10,34,133,Questionnaire complet,Oui,81,Questionnaire complet,Oui,3,13,30,15,40,Oui,Health Post,Public,Rural,Oui,Téléphone mobile (de l'école),5 or less,5 or less,0,0,0,0,0,1,1,1,0,Oui,Oui,Oui,4,5,4,4,5,4,5,5,5,Oui,5,5,Oui,0.0,0.0,0.0,30.0,,30.0,30.0,,30.0,,,,0.0,,,Oui,Oui,0.0,,,,,,,,,,,,,,,4.866996,1,1,Senegal-2010,0.0,0.0,0,0,0,0,0,2,2,2,0,
17,103,92,2,6,116,Questionnaire incomplet,Oui,91,Questionnaire imcomplet,Oui,3,10,20,12,25,Oui,Health Post,Public,Rural,Oui,Téléphone mobile (de l'école),5 or less,5 or less,0,0,0,0,0,0,0,0,0,5,Oui,5,5,5,5,5,5,5,5,5,5,5,5,5,4,,30.0,,,,,,,,,,,,,,Non,0,,,,,,,,,,,,,,,,31.05147,3,1,Senegal-2010,0.0,0.0,0,0,0,0,0,0,0,0,0,
18,123,92,10,33,148,Questionnaire incomplet,Oui,91,Questionnaire imcomplet,Oui,3,11,40,14,10,Oui,Health Post,Public,Rural,Oui,Téléphone mobile (de l'école),5 or less,5 or less,1,2,1,0,0,0,1,2,0,4,Oui,4,4,4,Oui,4,4,4,4,4,4,4,5,5,Oui,30.0,0.0,30.0,30.0,30.0,0.0,30.0,30.0,30.0,30.0,30.0,30.0,30.0,,,Oui,0,,,,,,,,,,,,,,,,20.536959,1,1,Senegal-2010,0.0,0.0,2,2,2,0,0,0,2,2,0,
19,66,42,3,11,138,Questionnaire complet,Oui,41,Questionnaire complet,Oui,2,9,30,11,28,Oui,Health Post,Public,Rural,Oui,Téléphone mobile (de l'école),5 or less,5 or less,0,0,2,0,0,1,0,1,0,4,Oui,Oui,5,5,4,5,5,5,5,5,5,Oui,5,5,Oui,30.0,0.0,0.0,,,30.0,,,,,,,0.0,,,Oui,0,,,,,,,,,,,,,,,,32.057858,3,1,Senegal-2010,0.0,0.0,0,0,2,0,0,2,0,2,0,
20,34,51,4,14,139,Questionnaire complet,Oui,52,Questionnaire complet,Oui,2,10,28,13,12,Oui,Health Post,Public,Rural,Oui,Téléphone mobile (de l'école),6-10,5 or less,0,1,0,0,0,1,1,1,0,Oui,Oui,Oui,4,Oui,Oui,Oui,4,Oui,4,4,4,Oui,4,4,Oui,0.0,0.0,0.0,30.0,0.0,0.0,0.0,30.0,0.0,30.0,30.0,6.0,2.0,30.0,30.0,Oui,Oui,0.0,,,,,,,,,,,,,,,70.66384,3,1,Senegal-2010,0.0,0.0,0,2,0,0,0,2,2,2,0,
21,44,41,4,16,149,Questionnaire complet,Oui,42,Questionnaire complet,Oui,2,15,30,17,30,Oui,Health Post,Public,Rural,Oui,Téléphone mobile (de l'école),5 or less,5 or less,0,1,0,0,0,0,0,1,0,Oui,Oui,Oui,5,5,Oui,Oui,5,5,5,5,5,Oui,5,5,Oui,30.0,0.0,0.0,,,0.0,0.0,,,,,,0.0,,,Oui,0,,,,,,,,,,,,,,,,29.367146,3,1,Senegal-2010,0.0,0.0,0,2,0,0,0,0,0,2,0,
22,92,22,8,29,128,Questionnaire complet,Oui,22,Questionnaire complet,Oui,1,8,50,11,0,Oui,Health Post,Public,Rural,Oui,Téléphone mobile (de l'école),5 or less,5 or less,0,1,1,0,1,1,0,0,0,4,Oui,4,Oui,5,Oui,Oui,Oui,Oui,Oui,4,Oui,Oui,Oui,5,Oui,30.0,0.0,30.0,0.0,,15.0,30.0,0.0,0.0,0.0,30.0,0.0,0.0,0.0,,Oui,0,,,,,,,,,,,,,,,,18.727528,2,1,Senegal-2010,0.0,0.0,0,2,2,0,2,2,0,0,0,
23,29,92,1,4,113,Questionnaire complet,Oui,91,Questionnaire complet,Oui,3,13,20,15,45,Oui,Health Post,Public,Rural,Oui,Téléphone mobile (de l'école),5 or less,5 or less,0,1,1,0,0,1,1,1,0,5,Oui,Oui,Oui,Oui,Oui,Oui,4,5,Oui,Oui,5,Oui,Oui,4,Oui,,0.0,0.0,0.0,0.0,0.0,0.0,25.0,,0.0,0.0,,0.0,0.0,30.0,Oui,0,,,,,,,,,,,,,,,,1.0,1,1,Senegal-2010,0.0,0.0,0,2,2,0,0,2,2,2,0,
24,79,22,7,24,135,Questionnaire complet,Oui,21,Questionnaire complet,Oui,1,12,0,13,35,Oui,Health Post,Public,Rural,Oui,Téléphone mobile (de l'école),5 or less,5 or less,0,1,0,0,1,0,0,1,0,Oui,Oui,Oui,4,5,Oui,5,5,Oui,4,5,5,5,5,5,Oui,0.0,0.0,0.0,15.0,,0.0,,,0.0,20.0,,,,,,Oui,0,,,,,,,,,,,,,,,,15.737882,2,1,Senegal-2010,0.0,0.0,0,2,0,0,2,0,0,2,0,
25,41,62,9,31,144,Questionnaire complet,Oui,61,Questionnaire complet,Oui,2,10,40,12,0,Oui,Health Post,Public,Rural,Oui,Téléphone mobile (de l'école),5 or less,5 or less,0,1,0,0,0,0,0,1,0,Oui,Oui,4,Oui,Oui,Oui,Oui,5,Oui,4,5,5,Oui,5,5,Oui,0.0,0.0,30.0,0.0,0.0,0.0,0.0,,0.0,30.0,,,0.0,,,Oui,Oui,0.0,,,,,,,,,,,,,,,20.022837,4,1,Senegal-2010,0.0,0.0,0,2,0,0,0,0,0,2,0,
26,74,22,6,23,143,Questionnaire complet,Oui,21,Questionnaire complet,Oui,1,8,30,10,40,Oui,Health Post,Public,Rural,Oui,Téléphone mobile (de l'école),5 or less,5 or less,0,1,0,0,0,0,1,1,0,Oui,4,4,5,Oui,Oui,4,5,4,4,5,5,Oui,5,5,Oui,0.0,30.0,30.0,,0.0,0.0,30.0,,30.0,30.0,,,0.0,,,Oui,Oui,0.0,,,,,,,,,,,,,,,20.801085,2,1,Senegal-2010,0.0,0.0,0,2,0,0,0,0,2,2,0,
27,56,62,5,17,123,Questionnaire complet,Oui,61,Questionnaire complet,Oui,2,12,23,13,30,Oui,Health Post,Public,Rural,Oui,Téléphone mobile (de l'école),5 or less,5 or less,0,1,1,0,1,1,1,1,0,4,Oui,4,4,4,4,5,5,5,4,5,5,Oui,Oui,5,Oui,30.0,3.0,30.0,30.0,30.0,30.0,,,,30.0,,,0.0,7.0,,Oui,Oui,0.0,,,,,,,,,,,,,,,28.00644,4,1,Senegal-2010,0.0,0.0,0,2,2,0,2,2,2,2,0,
28,142,71,2,5,137,Questionnaire complet,Oui,72,Questionnaire complet,Oui,3,12,30,15,0,Oui,Health Post,Public,Rural,Oui,Téléphone mobile (de l'école),5 or less,5 or less,0,1,1,0,0,1,1,1,0,5,Oui,4,Oui,5,Oui,Oui,5,Oui,Oui,4,5,Oui,5,5,Oui,,0.0,30.0,0.0,,0.0,0.0,,0.0,0.0,30.0,,0.0,,,Oui,0,,,,,,,,,,,,,,,,12.817449,3,1,Senegal-2010,0.0,0.0,0,2,2,0,0,2,2,2,0,
29,52,41,3,8,118,Questionnaire complet,Oui,42,Questionnaire complet,Oui,2,10,20,12,0,Oui,Health Post,Public,Rural,Oui,Téléphone mobile (de l'école),5 or less,5 or less,0,0,0,0,1,0,0,1,0,5,Oui,Oui,5,5,Oui,5,5,5,5,5,5,Oui,5,5,Oui,,0.0,0.0,,,0.0,,,,,,,0.0,,,Oui,Oui,0.0,,,,,,,,,,,,,,,5.8988733,3,1,Senegal-2010,0.0,0.0,0,0,0,0,2,0,0,2,0,
30,116,71,10,32,131,Questionnaire complet,Oui,72,Questionnaire complet,Oui,3,9,12,12,10,Oui,Health Post,Public,Rural,Oui,0.0,5 or less,5 or less,0,0,0,0,0,0,0,2,0,Oui,Oui,Oui,Oui,Oui,Oui,Oui,5,Oui,Oui,5,5,Oui,5,5,Oui,0.0,0.0,0.0,0.0,0.0,0.0,15.0,,0.0,0.0,,,0.0,,,Oui,Oui,0.0,,,,,,,,,,,,,,,346.93896,1,1,Senegal-2010,0.0,2.0,0,0,0,0,0,0,0,2,0,
31,27,22,1,4,111,Questionnaire complet,Oui,21,Questionnaire complet,Oui,1,10,55,14,5,Oui,Health Post,Public,Urban,Oui,Téléphone mobile (de l'école),5 or less,5 or less,0,2,1,0,0,1,0,0,0,4,Oui,Oui,Oui,5,Oui,Oui,5,4,Oui,Oui,Oui,4,4,4,Oui,30.0,0.0,0.0,0.0,,0.0,0.0,,10.0,0.0,0.0,0.0,30.0,30.0,30.0,Oui,0,,,,,,,,,,,,,,,,1.0,1,1,Senegal-2010,0.0,0.0,0,2,2,0,0,2,0,0,0,
32,119,92,10,34,132,Questionnaire complet,Oui,91,Questionnaire complet,Oui,3,11,40,13,55,Oui,Health Post,Public,Urban,Oui,Téléphone mobile (de l'école),5 or less,Over 5,0,2,1,0,1,1,1,1,1,4,Oui,4,Oui,Oui,4,4,Oui,4,Oui,Oui,Oui,Oui,Oui,Oui,Oui,0.0,0.0,30.0,0.0,0.0,30.0,3.0,0.0,30.0,0.0,0.0,0.0,0.0,0.0,0.0,Oui,0,,,,,,,,,,,,,,,,9.733992,1,1,Senegal-2010,0.0,0.0,0,2,2,0,2,2,2,2,1,
33,58,51,4,19,141,Questionnaire complet,Oui,52,Questionnaire complet,Oui,2,10,35,14,5,Oui,Health Post,Public,Rural,Oui,Téléphone mobile (de l'école),5 or less,5 or less,0,0,0,0,0,1,0,1,0,4,4,4,5,5,Oui,5,5,5,5,5,5,Oui,5,5,Oui,30.0,15.0,30.0,,,0.0,,,,,,,0.0,,,Oui,Oui,0.0,,,,,,,,,,,,,,,14.28855,3,1,Senegal-2010,0.0,0.0,0,0,0,0,0,2,0,2,0,
34,40,51,9,31,130,Questionnaire complet,Oui,52,Questionnaire complet,Oui,2,13,7,16,15,Oui,Health Post,Public,Rural,Non,,5 or less,5 or less,0,1,0,0,0,1,2,2,0,Oui,Oui,Oui,Oui,5,Oui,Oui,5,Oui,5,5,5,Oui,5,5,Oui,0.0,0.0,0.0,0.0,,10.0,0.0,,2.0,,,,0.0,,,Oui,Oui,0.0,,,,,,,,,,,,,,,81.14329,4,1,Senegal-2010,,,0,2,0,0,0,2,2,2,0,
35,93,11,8,29,127,Questionnaire complet,Oui,12,Questionnaire complet,Oui,1,9,5,11,20,Oui,Health Post,Public,Rural,Oui,Téléphone mobile (de l'école),5 or less,5 or less,0,1,0,0,0,0,0,1,0,4,Oui,4,5,5,4,5,5,5,4,4,5,Oui,5,5,Oui,30.0,0.0,14.0,,,30.0,,,,30.0,30.0,,0.0,,,Oui,0,,,,,,,,,,,,,,,,37.455055,2,1,Senegal-2010,0.0,0.0,0,2,0,0,0,0,0,2,0,
36,76,22,6,23,142,Questionnaire complet,Oui,21,Questionnaire complet,Oui,1,12,30,13,50,Oui,Health Post,Public,Rural,Oui,Téléphone mobile (de l'école),5 or less,5 or less,0,1,0,0,0,0,1,1,0,4,Oui,5,5,5,Oui,5,5,5,5,5,5,4,5,5,Oui,30.0,0.0,,,,0.0,,,,,,,30.0,,,Oui,0,,,,,,,,,,,,,,,,36.4019,2,1,Senegal-2010,0.0,0.0,0,2,0,0,0,0,2,2,0,
37,139,81,2,5,136,Questionnaire complet,Oui,81,Questionnaire complet,Oui,3,12,20,14,50,Oui,Health Post,Public,Rural,Oui,0.0,5 or less,5 or less,0,1,1,0,0,1,0,1,0,5,Oui,4,Oui,5,Oui,5,5,4,4,5,5,Oui,5,5,4,,0.0,30.0,0.0,,0.0,,,30.0,30.0,,,0.0,,,Non,Oui,0.0,,,,,,,,,,,,,,,21.362413,3,1,Senegal-2010,0.0,2.0,0,2,2,0,0,2,0,2,0,
38,125,81,2,5,114,Questionnaire complet,Oui,82,Questionnaire complet,Oui,3,12,18,14,30,Oui,Health Post,Public,Rural,Oui,0.0,5 or less,5 or less,0,0,0,0,0,0,1,1,0,5,5,5,5,5,5,5,5,5,5,5,5,5,5,5,4,,,,,,,,,,,,,,,,Non,0,,,,,,,,,,,,,,,,17.089931,3,1,Senegal-2010,0.0,2.0,0,0,0,0,0,0,2,2,0,
39,114,82,3,10,119,Questionnaire complet,Oui,81,Questionnaire complet,Oui,3,10,30,12,35,Oui,Health Post,Public,Rural,Oui,0.0,5 or less,5 or less,0,2,1,0,0,1,1,1,0,4,4,4,4,4,4,4,5,4,4,5,4,4,5,5,Oui,30.0,30.0,30.0,30.0,30.0,30.0,30.0,,30.0,30.0,,30.0,30.0,,,Oui,0,,,,,,,,,,,,,,,,102.870544,3,1,Senegal-2010,0.0,2.0,0,2,2,0,0,2,2,2,0,
40,124,82,2,6,147,Questionnaire complet,Oui,81,Questionnaire complet,Oui,3,13,0,15,12,Oui,Health Post,Public,Rural,Oui,0.0,5 or less,5 or less,0,2,2,0,0,0,0,1,0,4,Oui,Oui,Oui,5,Oui,5,5,Oui,Oui,5,5,Oui,5,5,Oui,30.0,0.0,0.0,0.0,,0.0,,,0.0,0.0,,,0.0,,,Oui,Oui,0.0,,,,,,,,,,,,,,,15.525735,3,1,Senegal-2010,0.0,2.0,0,2,2,0,0,0,0,2,0,
41,28,21,1,4,112,Questionnaire complet,Oui,22,Questionnaire complet,Oui,1,10,0,13,0,Oui,Health Post,Public,Urban,Oui,Téléphone mobile (de l'école),5 or less,5 or less,0,6,2,0,0,2,1,0,1,4,Oui,5,Oui,Oui,Oui,5,Oui,Oui,4,Oui,Oui,4,Oui,Oui,Oui,30.0,0.0,,0.0,0.0,0.0,,0.0,0.0,2.0,0.0,0.0,30.0,0.0,0.0,Oui,0,,,,,,,,,,,,,,,,1.0,1,1,Senegal-2010,0.0,0.0,0,2,2,0,0,2,2,0,1,
42,150,11,10,38,105,Questionnaire complet,Oui,12,Questionnaire complet,Oui,3,11,45,14,18,Oui,Health Center,Public,Urban,Oui,Téléphone mobile (de l'école),5 or less,5 or less,0,2,3,0,0,1,2,1,1,Oui,Oui,Oui,Oui,Oui,Oui,Oui,4,Oui,Oui,4,Oui,Oui,Oui,Oui,Oui,0.0,0.0,0.0,0.0,0.0,0.0,0.0,30.0,0.0,0.0,30.0,0.0,0.0,0.0,0.0,Oui,Oui,Oui,Oui,Oui,Oui,Oui,Oui,Oui,Oui,0.0,0.0,0.0,0.0,0.0,0.0,Oui,16.570663,1,1,Senegal-2010,0.0,0.0,0,2,2,0,0,2,2,2,1,1.0
43,72,11,7,25,110,Questionnaire complet,Oui,12,Questionnaire complet,Oui,1,9,25,12,0,Oui,Health Center,Public,Rural,Oui,Téléphone mobile (de l'école),5 or less,5 or less,0,3,2,0,1,1,1,1,1,Oui,Oui,Oui,Oui,Oui,Oui,4,Oui,Oui,Oui,Oui,Oui,4,Oui,Oui,Oui,0.0,0.0,0.0,0.0,0.0,0.0,30.0,0.0,0.0,0.0,0.0,0.0,30.0,0.0,0.0,Oui,Oui,Oui,4.0,Oui,Oui,Oui,Oui,Oui,Oui,7.0,0.0,0.0,0.0,0.0,0.0,Oui,33.1509,2,1,Senegal-2010,0.0,0.0,0,2,2,0,2,2,2,2,1,1.0
44,141,71,2,5,34,Questionnaire complet,Oui,72,Questionnaire complet,Oui,3,9,45,11,56,Oui,Health Center,Public,Rural,Oui,0.0,5 or less,5 or less,0,2,2,0,1,1,1,1,0,4,Oui,Oui,Oui,Oui,Oui,Oui,4,4,Oui,Oui,Oui,Oui,Oui,4,Oui,30.0,0.0,0.0,0.0,0.0,0.0,0.0,30.0,30.0,0.0,0.0,0.0,0.0,0.0,30.0,Oui,Oui,Oui,Oui,Oui,Oui,Oui,Oui,Oui,Oui,0.0,0.0,0.0,0.0,0.0,0.0,Oui,4.2759876,3,1,Senegal-2010,0.0,2.0,0,2,2,0,2,2,2,2,0,1.0
45,13,31,1,4,18,Questionnaire complet,Oui,32,Questionnaire complet,Oui,1,8,36,11,29,Oui,Health Center,Public,Urban,Oui,0.0,6-10,5 or less,0,5,1,0,0,1,1,1,0,4,Oui,Oui,Oui,Oui,Oui,Oui,5,Oui,Oui,5,Oui,Oui,5,5,Oui,20.0,0.0,0.0,0.0,0.0,0.0,0.0,,0.0,0.0,,0.0,0.0,,,Oui,Oui,Oui,Oui,Oui,Oui,Oui,Oui,Oui,4.0,0.0,0.0,0.0,0.0,0.0,0.0,Non,5.420559,1,1,Senegal-2010,2.0,0.0,0,2,2,0,0,2,2,2,0,1.0
46,140,82,2,5,27,Questionnaire complet,Oui,81,Questionnaire complet,Oui,3,9,44,11,50,Oui,Health Center,Public,Rural,Oui,Téléphone mobile (de l'école),5 or less,5 or less,0,1,3,0,0,2,2,2,1,4,Oui,Oui,Oui,Oui,Oui,Oui,Oui,Oui,Oui,Oui,Oui,Oui,Oui,Oui,Oui,30.0,0.0,0.0,0.0,0.0,0.0,0.0,0.0,0.0,0.0,0.0,0.0,0.0,0.0,0.0,Oui,Oui,Oui,4.0,Oui,Oui,4.0,Oui,4.0,Oui,1.0,0.0,0.0,1.0,0.0,1.0,Oui,4.2759876,3,1,Senegal-2010,0.0,0.0,0,2,2,0,0,2,2,2,1,1.0
47,22,41,1,4,16,Questionnaire complet,Oui,42,Questionnaire complet,Oui,2,11,0,15,45,Oui,Health Center,Public,Urban,Oui,Téléphone mobile (de l'école),5 or less,5 or less,0,4,2,0,1,2,1,1,0,Oui,Oui,Oui,Oui,Oui,Oui,5,Oui,Oui,Oui,5,Oui,5,Oui,Oui,Oui,0.0,0.0,17.0,0.0,0.0,0.0,,20.0,0.0,0.0,,20.0,,0.0,0.0,Oui,Oui,Oui,Oui,Oui,Oui,Oui,Oui,Oui,Oui,0.0,0.0,0.0,0.0,0.0,0.0,Oui,5.420559,1,1,Senegal-2010,0.0,0.0,0,2,2,0,2,2,2,2,0,1.0
48,110,82,10,36,91,Questionnaire complet,Oui,81,Questionnaire complet,Oui,3,9,20,12,30,Oui,Health Center,Public,Rural,Oui,0.0,6-10,5 or less,0,5,6,1,0,2,2,4,1,Oui,Oui,4,Oui,Oui,Oui,5,Oui,Oui,Oui,Oui,Oui,Oui,Oui,Oui,Oui,0.0,0.0,30.0,0.0,0.0,0.0,,0.0,0.0,0.0,0.0,0.0,0.0,0.0,0.0,Oui,Oui,Oui,Oui,Oui,Oui,Oui,Oui,Oui,4.0,0.0,0.0,0.0,0.0,0.0,0.0,Non,18.506506,1,1,Senegal-2010,0.0,2.0,0,2,2,2,0,2,2,2,1,1.0
49,50,62,9,31,85,Questionnaire complet,Oui,61,Questionnaire complet,Oui,2,7,12,10,20,Oui,Health Center,Public,Urban,Oui,Téléphone mobile (de l'école),6-10,5 or less,0,5,1,0,2,1,1,1,0,Oui,Oui,Oui,Oui,Oui,Oui,Oui,Oui,Oui,Oui,Oui,5,Oui,Oui,Oui,Oui,0.0,0.0,0.0,0.0,0.0,0.0,0.0,0.0,0.0,0.0,0.0,,0.0,0.0,0.0,Oui,Oui,Oui,Oui,4.0,Oui,Oui,Oui,Oui,Oui,0.0,30.0,0.0,0.0,0.0,0.0,Oui,5.005709,4,1,Senegal-2010,0.0,0.0,0,2,2,0,2,2,2,2,0,4.0
50,101,81,2,6,37,Questionnaire complet,Oui,82,Questionnaire complet,Oui,3,10,0,12,50,Oui,Health Center,Public,Rural,Oui,0.0,5 or less,5 or less,0,4,2,0,1,3,2,1,1,Oui,Oui,Oui,Oui,Oui,Oui,Oui,Oui,Oui,Oui,Oui,Oui,Oui,Oui,Oui,Oui,0.0,0.0,0.0,0.0,0.0,0.0,0.0,0.0,0.0,0.0,0.0,0.0,0.0,0.0,0.0,Oui,Oui,Oui,Oui,Oui,Oui,Oui,Oui,Oui,Oui,0.0,0.0,0.0,0.0,0.0,0.0,Oui,15.538471,3,1,Senegal-2010,2.0,0.0,0,2,2,0,2,2,2,2,1,1.0
51,95,31,8,28,78,Questionnaire complet,Oui,32,Questionnaire complet,Oui,1,8,0,14,30,Oui,Health Center,Public,Rural,Oui,Téléphone mobile (de l'école),5 or less,5 or less,0,1,1,1,2,2,2,1,0,Oui,Oui,Oui,Oui,Oui,Oui,Oui,Oui,Oui,Oui,5,Oui,Oui,Oui,Oui,Oui,0.0,0.0,0.0,0.0,0.0,0.0,0.0,0.0,0.0,0.0,,0.0,0.0,0.0,0.0,Oui,Oui,Oui,Oui,Oui,Oui,Oui,Oui,Oui,Oui,0.0,0.0,0.0,0.0,0.0,0.0,Oui,7.137516,2,1,Senegal-2010,0.0,0.0,0,2,2,2,2,2,2,2,0,1.0
52,128,71,10,37,101,Questionnaire complet,Oui,71,Questionnaire complet,Oui,3,11,0,14,50,Oui,Health Center,Public,Urban,Oui,0.0,6-10,5 or less,0,5,2,0,2,2,1,1,1,Oui,Oui,Oui,Oui,Oui,Oui,Oui,Oui,Oui,Oui,Oui,Oui,Oui,Oui,Oui,Oui,0.0,0.0,0.0,0.0,0.0,0.0,0.0,0.0,0.0,0.0,0.0,0.0,0.0,0.0,0.0,Oui,Oui,Oui,Oui,Oui,Oui,Oui,Oui,Oui,Oui,0.0,0.0,0.0,0.0,0.0,28.0,Oui,4.1722074,1,1,Senegal-2010,0.0,2.0,0,2,2,0,2,2,2,2,1,1.0
53,51,62,3,8,44,Questionnaire complet,Oui,61,Questionnaire complet,Oui,2,7,58,11,47,Oui,Health Center,Public,Rural,Oui,0.0,5 or less,5 or less,0,1,4,0,2,2,2,1,0,Oui,Oui,Oui,4,Oui,Oui,Oui,Oui,Oui,4,5,Oui,Oui,Oui,Oui,Oui,0.0,0.0,0.0,15.0,0.0,0.0,15.0,0.0,0.0,10.0,,0.0,0.0,0.0,0.0,Oui,Oui,Oui,Oui,4.0,Oui,Oui,Oui,Oui,Oui,0.0,15.0,0.0,0.0,0.0,0.0,Oui,5.8988733,3,1,Senegal-2010,0.0,2.0,0,2,2,0,2,2,2,2,0,4.0
54,4,72,1,1,4,Questionnaire complet,Oui,71,Questionnaire complet,Oui,3,10,20,13,10,Oui,Health Center,Public,Urban,Oui,0.0,6-10,5 or less,0,6,3,0,1,3,1,1,1,4,Oui,Oui,Oui,5,Oui,4,5,Oui,Oui,Oui,Oui,Oui,5,5,Oui,2.0,0.0,0.0,0.0,,0.0,30.0,,0.0,0.0,0.0,0.0,0.0,,,Oui,Oui,Oui,Oui,Oui,Oui,Oui,Oui,Oui,Oui,0.0,0.0,0.0,0.0,0.0,0.0,Oui,4.428247,1,1,Senegal-2010,0.0,2.0,0,2,2,0,2,2,2,2,1,1.0
55,6,82,1,1,5,Questionnaire complet,Oui,81,Questionnaire complet,Oui,3,9,8,10,44,Oui,Health Center,Public,Urban,Oui,0.0,6-10,5 or less,0,1,2,0,0,2,1,1,0,Oui,Oui,4,Oui,5,Oui,5,5,Oui,Oui,5,Oui,Oui,5,5,Oui,0.0,0.0,20.0,0.0,,0.0,,,0.0,0.0,,0.0,0.0,,,Oui,Oui,Oui,Oui,Oui,Oui,Oui,Oui,Oui,Oui,0.0,0.0,0.0,0.0,0.0,0.0,Oui,4.428247,1,1,Senegal-2010,2.0,0.0,0,2,2,0,0,2,2,2,0,1.0
56,94,22,8,28,82,Questionnaire complet,Oui,21,Questionnaire complet,Oui,1,9,30,12,5,Oui,Health Center,Public,Rural,Oui,Téléphone mobile (de l'école),5 or less,5 or less,0,1,1,0,1,1,1,1,0,4,Oui,Oui,Oui,5,Oui,4,Oui,Oui,Oui,Oui,Oui,Oui,Oui,Oui,Oui,15.0,0.0,0.0,0.0,,0.0,30.0,0.0,0.0,0.0,0.0,0.0,0.0,0.0,0.0,Oui,Oui,Oui,Oui,Oui,Oui,Oui,Oui,Oui,Oui,0.0,0.0,0.0,0.0,0.0,0.0,Oui,7.137516,2,1,Senegal-2010,0.0,0.0,0,2,2,0,2,2,2,2,0,1.0
57,133,72,10,37,104,Questionnaire complet,Oui,71,Questionnaire complet,Oui,3,13,5,16,10,Oui,Health Center,Public,Urban,Oui,0.0,6-10,5 or less,0,12,2,0,1,2,1,0,1,Oui,Oui,4,Oui,Oui,Oui,Oui,Oui,4,Oui,Oui,Oui,Oui,Oui,Oui,Oui,0.0,0.0,30.0,0.0,0.0,0.0,0.0,0.0,30.0,0.0,0.0,0.0,0.0,0.0,0.0,Oui,Oui,Oui,Oui,Oui,Oui,Oui,Oui,4.0,Oui,0.0,0.0,0.0,0.0,0.0,30.0,Oui,4.1722074,1,1,Senegal-2010,2.0,0.0,0,2,2,0,2,2,2,0,1,1.0
58,148,11,5,17,75,Questionnaire complet,Oui,12,Questionnaire complet,Oui,3,8,0,10,30,Oui,Health Center,Public,Rural,Oui,Téléphone mobile (de l'école),6-10,5 or less,0,3,1,0,2,2,1,1,1,Oui,Oui,Oui,Oui,Oui,Oui,Oui,Oui,Oui,Oui,5,Oui,Oui,Oui,Oui,Oui,30.0,0.0,30.0,0.0,0.0,0.0,0.0,0.0,6.0,0.0,,0.0,0.0,7.0,0.0,Oui,Oui,Oui,Oui,Oui,Oui,Oui,Oui,Oui,Oui,30.0,30.0,30.0,30.0,30.0,30.0,Oui,11.863829,4,1,Senegal-2010,0.0,0.0,0,2,2,0,2,2,2,2,1,1.0
59,91,11,8,29,80,Questionnaire complet,Oui,12,Questionnaire complet,Oui,1,9,46,12,40,Oui,Health Center,Public,Rural,Oui,Téléphone mobile (de l'école),6-10,5 or less,0,10,1,0,2,1,1,1,0,4,Oui,Oui,Oui,Oui,Oui,Oui,Oui,5,Oui,Oui,Oui,Oui,Oui,Oui,Oui,30.0,0.0,30.0,0.0,0.0,0.0,0.0,0.0,,0.0,0.0,0.0,0.0,0.0,0.0,Oui,Oui,Oui,Oui,Oui,Oui,Oui,Oui,Oui,Oui,0.0,0.0,0.0,0.0,0.0,0.0,Oui,18.727528,2,1,Senegal-2010,0.0,0.0,0,2,2,0,2,2,2,2,0,1.0
60,136,92,2,5,28,Questionnaire incomplet,Oui,91,Questionnaire imcomplet,Oui,3,13,0,15,45,Oui,Health Center,Public,Rural,Oui,Téléphone mobile (de l'école),5 or less,5 or less,0,4,2,0,2,2,1,1,1,4,Oui,Oui,Oui,Oui,Oui,4,4,4,Oui,Oui,Oui,Oui,Oui,Oui,Oui,30.0,0.0,0.0,0.0,0.0,0.0,30.0,0.0,30.0,0.0,0.0,0.0,0.0,0.0,0.0,Oui,Oui,Oui,Oui,Oui,Oui,Oui,Oui,Oui,Oui,0.0,0.0,0.0,0.0,0.0,0.0,Oui,4.2759876,3,1,Senegal-2010,0.0,0.0,0,2,2,0,2,2,2,2,1,1.0
61,14,32,1,4,19,Questionnaire complet,Oui,31,Questionnaire complet,Oui,1,11,45,15,15,Oui,Health Center,Public,Urban,Oui,Téléphone mobile (de l'école),11-50,5 or less,0,3,3,0,3,3,1,1,0,Oui,Oui,Oui,Oui,Oui,Oui,Oui,Oui,Oui,Oui,Oui,Oui,Oui,Oui,Oui,Oui,0.0,0.0,0.0,0.0,0.0,0.0,0.0,0.0,0.0,0.0,0.0,0.0,0.0,0.0,0.0,Oui,Oui,Oui,Oui,Oui,Oui,Oui,Oui,Oui,Oui,0.0,0.0,0.0,0.0,0.0,0.0,Oui,5.420559,1,1,Senegal-2010,0.0,0.0,0,2,2,0,2,2,2,2,0,1.0
62,23,52,1,4,20,Questionnaire complet,Oui,51,Questionnaire complet,Oui,2,10,21,12,36,Oui,Health Center,Public,Urban,Oui,0.0,5 or less,5 or less,0,2,2,0,0,1,1,1,0,Oui,Oui,Oui,Oui,4,Oui,Oui,4,4,Oui,4,4,Oui,4,4,Oui,0.0,0.0,0.0,0.0,28.0,0.0,0.0,28.0,8.0,0.0,28.0,28.0,0.0,28.0,28.0,Oui,Oui,Oui,Oui,Oui,Oui,Oui,Oui,Oui,Oui,0.0,0.0,0.0,0.0,0.0,0.0,Oui,5.420559,1,1,Senegal-2010,0.0,2.0,0,2,2,0,0,2,2,2,0,1.0
63,69,11,8,27,76,Questionnaire complet,Oui,12,Questionnaire complet,Oui,1,8,45,12,0,Oui,Health Center,Public,Rural,Oui,0.0,6-10,5 or less,0,2,2,0,1,2,2,1,1,4,Oui,Oui,Oui,Oui,Oui,Oui,Oui,4,Oui,Oui,Oui,Oui,Oui,Oui,Oui,30.0,0.0,0.0,0.0,0.0,0.0,0.0,0.0,30.0,0.0,0.0,0.0,0.0,0.0,0.0,Oui,Oui,Oui,4.0,Oui,Oui,4.0,Oui,Oui,Oui,4.0,0.0,0.0,30.0,0.0,0.0,Oui,10.629767,2,1,Senegal-2010,0.0,2.0,0,2,2,0,2,2,2,2,1,1.0
64,2,92,1,4,14,Questionnaire complet,Oui,91,Questionnaire complet,Oui,3,10,5,12,30,Oui,Health Center,Public,Urban,Oui,Téléphone mobile (de l'école),5 or less,5 or less,0,1,2,0,1,2,2,2,1,5,Oui,4,Oui,Oui,Oui,4,4,Oui,Oui,Oui,Oui,4,4,4,Oui,,0.0,2.0,0.0,0.0,0.0,3.0,20.0,0.0,0.0,0.0,0.0,25.0,26.0,24.0,Oui,Oui,Oui,Oui,Oui,Oui,Oui,4.0,Oui,Oui,0.0,0.0,0.0,0.0,3.0,0.0,Oui,5.420559,1,1,Senegal-2010,0.0,0.0,0,2,2,0,2,2,2,2,1,1.0
65,48,62,5,18,60,Questionnaire complet,Oui,61,Questionnaire complet,Oui,2,8,40,11,48,Oui,Health Center,Public,Rural,Oui,Téléphone mobile (de l'école),5 or less,5 or less,0,2,2,1,2,2,1,1,0,4,Oui,Oui,Oui,Oui,Oui,4,Oui,Oui,Oui,5,Oui,Oui,Oui,Oui,Oui,3.0,0.0,5.0,0.0,0.0,7.0,30.0,0.0,6.0,4.0,,0.0,0.0,0.0,0.0,Oui,Oui,Oui,Oui,Oui,Oui,Oui,Oui,Oui,Oui,0.0,0.0,0.0,0.0,0.0,0.0,Oui,14.00322,4,1,Senegal-2010,0.0,0.0,0,2,2,2,2,2,2,2,0,1.0
66,36,62,4,14,53,Questionnaire complet,Oui,61,Questionnaire complet,Oui,2,12,18,14,45,Oui,Health Center,Public,Rural,Oui,0.0,5 or less,5 or less,0,2,2,0,1,2,1,1,1,5,Oui,Oui,Oui,Oui,Oui,5,Oui,Oui,Oui,5,Oui,Oui,Oui,Oui,Oui,,0.0,0.0,0.0,0.0,0.0,,0.0,0.0,0.0,,0.0,0.0,0.0,0.0,Oui,Oui,Oui,Oui,Oui,Oui,Oui,Oui,Oui,Oui,0.0,0.0,0.0,0.0,0.0,0.0,Oui,17.662157,3,1,Senegal-2010,0.0,2.0,0,2,2,0,2,2,2,2,1,1.0
67,53,41,3,8,42,Questionnaire complet,Oui,42,Questionnaire complet,Oui,2,7,40,10,45,Oui,Health Center,Public,Rural,Oui,Téléphone mobile (de l'école),5 or less,5 or less,0,4,1,0,2,1,1,1,1,Oui,Oui,Oui,Oui,5,Oui,Oui,Oui,Oui,Oui,Oui,Oui,Oui,Oui,Oui,Oui,0.0,0.0,0.0,0.0,,0.0,30.0,0.0,0.0,0.0,0.0,0.0,0.0,0.0,0.0,Oui,Oui,Oui,Oui,Oui,Oui,Oui,Oui,Oui,Oui,0.0,0.0,0.0,0.0,0.0,0.0,Oui,5.8988733,3,1,Senegal-2010,0.0,0.0,0,2,2,0,2,2,2,2,1,1.0
68,57,62,5,17,63,Questionnaire complet,Oui,61,Questionnaire complet,Oui,2,8,0,12,30,Oui,Health Center,Public,Urban,Oui,Téléphone mobile (de l'école),5 or less,5 or less,0,1,2,0,3,1,1,1,0,4,4,4,Oui,Oui,Oui,Oui,Oui,Oui,4,5,Oui,4,Oui,Oui,Oui,30.0,9.0,10.0,0.0,0.0,0.0,0.0,0.0,0.0,5.0,,0.0,30.0,0.0,0.0,Oui,Oui,Oui,Oui,Oui,Oui,Oui,Oui,Oui,Oui,0.0,0.0,0.0,0.0,0.0,0.0,Oui,6.934945,4,1,Senegal-2010,0.0,0.0,0,2,2,0,2,2,2,2,0,1.0
69,46,51,4,16,54,Questionnaire complet,Oui,52,Questionnaire complet,Oui,2,11,15,14,0,Oui,Health Center,Public,Rural,Oui,Téléphone mobile (de l'école),5 or less,5 or less,0,2,1,0,1,1,1,1,0,Oui,4,4,Oui,Oui,Oui,Oui,Oui,Oui,Oui,Oui,Oui,Oui,Oui,Oui,Oui,0.0,7.0,11.0,0.0,0.0,0.0,0.0,0.0,0.0,0.0,0.0,0.0,0.0,0.0,0.0,Oui,Oui,Oui,Oui,Oui,Oui,Oui,Oui,Oui,Oui,0.0,0.0,0.0,0.0,0.0,0.0,Oui,5.8721647,3,1,Senegal-2010,0.0,0.0,0,2,2,0,2,2,2,2,0,1.0
70,90,22,8,29,83,Questionnaire complet,Oui,21,Questionnaire complet,Oui,1,9,5,12,0,Oui,Health Center,Public,Urban,Oui,Téléphone mobile (de l'école),6-10,5 or less,0,10,3,0,2,1,1,2,0,Oui,Oui,Oui,Oui,5,Oui,5,Oui,Oui,Oui,Oui,Oui,Oui,Oui,Oui,Oui,15.0,0.0,15.0,0.0,,0.0,,0.0,0.0,0.0,0.0,0.0,0.0,0.0,0.0,Oui,Oui,Oui,Oui,Oui,Oui,Oui,4.0,Oui,Oui,0.0,0.0,0.0,0.0,20.0,0.0,Oui,11.252437,2,1,Senegal-2010,0.0,0.0,0,2,2,0,2,2,2,2,0,1.0
71,85,22,6,22,68,Questionnaire complet,Oui,21,Questionnaire complet,Oui,1,9,19,11,38,Oui,Health Center,Public,Rural,Oui,Téléphone mobile (de l'école),5 or less,5 or less,0,10,2,0,1,2,2,2,0,4,Oui,Oui,Oui,Oui,Oui,Oui,Oui,4,Oui,Oui,Oui,Oui,Oui,Oui,Oui,30.0,0.0,0.0,0.0,0.0,0.0,0.0,0.0,30.0,0.0,0.0,0.0,0.0,0.0,0.0,Oui,Oui,Oui,Oui,Oui,Oui,Oui,Oui,Oui,Oui,0.0,0.0,0.0,0.0,0.0,0.0,Oui,14.945359,2,1,Senegal-2010,0.0,0.0,0,2,2,0,2,2,2,2,0,1.0
72,143,82,2,5,32,Questionnaire complet,Oui,81,Questionnaire complet,Oui,3,9,20,11,50,Oui,Health Center,Public,Rural,Oui,0.0,5 or less,5 or less,0,2,3,1,0,1,2,1,0,4,Oui,Oui,Oui,4,Oui,Oui,Oui,4,Oui,4,Oui,Oui,Oui,Oui,Oui,30.0,0.0,0.0,0.0,30.0,0.0,0.0,0.0,30.0,0.0,30.0,0.0,0.0,0.0,0.0,Oui,Oui,Oui,Oui,Oui,Oui,Oui,Oui,Oui,Oui,0.0,0.0,0.0,0.0,0.0,0.0,Oui,4.2759876,3,1,Senegal-2010,2.0,0.0,0,2,2,2,0,2,2,2,0,1.0
73,68,22,8,27,81,Questionnaire complet,Oui,21,Questionnaire complet,Oui,1,8,5,11,30,Oui,Health Center,Public,Urban,Oui,0.0,5 or less,5 or less,0,2,2,0,1,1,1,1,1,Oui,Oui,4,Oui,5,Oui,5,Oui,Oui,Oui,Oui,Oui,Oui,Oui,5,Oui,0.0,0.0,15.0,0.0,,0.0,,0.0,0.0,0.0,0.0,0.0,0.0,0.0,,Oui,Oui,Oui,Oui,Oui,Oui,Oui,Oui,Oui,4.0,0.0,0.0,0.0,0.0,0.0,0.0,Non,33.799633,2,1,Senegal-2010,2.0,0.0,0,2,2,0,2,2,2,2,1,1.0
74,3,72,1,1,6,Questionnaire complet,Oui,71,Questionnaire complet,Oui,3,9,5,12,15,Oui,Health Center,Public,Urban,Oui,0.0,6-10,5 or less,0,2,2,0,1,2,1,1,0,Oui,Oui,Oui,Oui,Oui,Oui,5,5,Oui,Oui,Oui,Oui,5,5,Oui,Oui,0.0,0.0,0.0,0.0,0.0,0.0,,,0.0,0.0,0.0,0.0,,,0.0,Oui,Oui,Oui,Oui,Oui,Oui,Oui,Oui,Oui,Oui,0.0,0.0,0.0,0.0,0.0,0.0,Oui,4.428247,1,1,Senegal-2010,2.0,0.0,0,2,2,0,2,2,2,2,0,1.0
75,24,62,1,4,21,Questionnaire complet,Oui,61,Questionnaire complet,Oui,2,11,55,15,25,Oui,Health Center,Public,Urban,Oui,0.0,5 or less,5 or less,0,15,1,0,0,1,1,0,1,5,Oui,Oui,Oui,Oui,Oui,Oui,Oui,Oui,Oui,5,Oui,4,Oui,Oui,Oui,,0.0,0.0,0.0,0.0,0.0,0.0,0.0,0.0,0.0,,0.0,30.0,0.0,0.0,Oui,Oui,Oui,Oui,Oui,Oui,Oui,4.0,Oui,Oui,0.0,0.0,0.0,0.0,30.0,0.0,Oui,5.420559,1,1,Senegal-2010,0.0,2.0,0,2,2,0,0,2,2,0,1,1.0
76,21,62,1,3,9,Questionnaire complet,Oui,61,Questionnaire complet,Oui,2,11,0,16,0,Oui,Health Center,Public,Urban,Oui,0.0,11-50,5 or less,0,5,4,0,3,3,1,2,2,Oui,Oui,4,Oui,Oui,Oui,Oui,Oui,4,Oui,5,Oui,Oui,Oui,Oui,Oui,0.0,0.0,5.0,0.0,0.0,0.0,0.0,0.0,17.0,0.0,,0.0,0.0,0.0,0.0,Oui,Oui,Oui,Oui,Oui,Oui,Oui,Oui,Oui,Oui,0.0,0.0,0.0,0.0,0.0,0.0,Oui,4.118316,1,1,Senegal-2010,0.0,2.0,0,2,2,0,2,2,2,2,1,1.0
77,129,92,10,37,100,Questionnaire incomplet,Oui,91,Questionnaire imcomplet,Oui,3,11,35,14,20,Oui,Health Center,Public,Urban,Oui,Téléphone mobile (de l'école),6-10,5 or less,0,10,4,0,2,2,2,2,1,Oui,Oui,Oui,Oui,Oui,Oui,4,Oui,4,Oui,Oui,Oui,Oui,Oui,Oui,Oui,0.0,0.0,0.0,0.0,0.0,0.0,30.0,0.0,20.0,0.0,0.0,0.0,0.0,0.0,0.0,Oui,Oui,Oui,Oui,Oui,Oui,Oui,Oui,Oui,Oui,0.0,0.0,0.0,0.0,0.0,0.0,Oui,4.1722074,1,1,Senegal-2010,0.0,0.0,0,2,2,0,2,2,2,2,1,1.0
78,105,92,2,6,38,Questionnaire complet,Oui,91,Questionnaire complet,Oui,3,13,50,16,28,Oui,Health Center,Public,Rural,Oui,0.0,5 or less,5 or less,0,3,5,0,1,2,1,1,0,Oui,Oui,4,Oui,Oui,Oui,4,Oui,4,Oui,Oui,Oui,Oui,Oui,Oui,Oui,0.0,0.0,30.0,0.0,0.0,0.0,30.0,0.0,30.0,0.0,0.0,0.0,0.0,0.0,0.0,Oui,Oui,Oui,Oui,Oui,Oui,Oui,Oui,Oui,Oui,0.0,0.0,0.0,0.0,0.0,0.0,Oui,15.538471,3,1,Senegal-2010,2.0,0.0,0,2,2,0,2,2,2,2,0,1.0
79,126,82,10,37,103,Questionnaire complet,Oui,81,Questionnaire complet,Oui,3,11,50,14,44,Oui,Health Center,Public,Urban,Oui,0.0,11-50,5 or less,0,2,2,1,0,1,1,1,1,4,4,4,Oui,Oui,4,4,Oui,4,Oui,4,Oui,Oui,Oui,Oui,Oui,5.0,7.0,30.0,0.0,0.0,15.0,30.0,0.0,10.0,0.0,30.0,0.0,0.0,0.0,0.0,Oui,Oui,Oui,Oui,Oui,Oui,Oui,Oui,Oui,Oui,0.0,0.0,0.0,0.0,0.0,0.0,Oui,4.1722074,1,1,Senegal-2010,0.0,2.0,0,2,2,2,0,2,2,2,1,1.0
80,25,41,1,4,22,Questionnaire complet,Oui,42,Questionnaire complet,Oui,2,11,30,13,0,Oui,Health Center,Public,Urban,Oui,0.0,5 or less,5 or less,0,1,1,0,1,1,1,1,0,4,Oui,5,5,5,Oui,Oui,Oui,Oui,Oui,5,Oui,5,5,5,Oui,30.0,0.0,,,,0.0,0.0,0.0,0.0,0.0,,0.0,,,,Oui,Oui,Oui,Oui,Oui,Oui,Oui,Oui,Oui,Oui,10.0,0.0,0.0,0.0,0.0,0.0,Oui,5.420559,1,1,Senegal-2010,2.0,0.0,0,2,2,0,2,2,2,2,0,1.0
81,5,11,1,2,2,Questionnaire complet,Oui,12,Questionnaire complet,Oui,1,9,47,13,5,Oui,Health Center,Public,Urban,Oui,0.0,6-10,5 or less,0,5,3,1,1,2,2,2,1,Oui,Oui,Oui,Oui,Oui,Oui,Oui,5,Oui,Oui,Oui,Oui,Oui,Oui,5,Oui,0.0,0.0,0.0,0.0,0.0,0.0,0.0,,0.0,0.0,0.0,0.0,0.0,0.0,,Oui,Oui,Oui,Oui,Oui,Oui,Oui,Oui,Oui,Oui,0.0,0.0,0.0,0.0,0.0,0.0,Oui,3.6781507,1,1,Senegal-2010,2.0,0.0,0,2,2,2,2,2,2,2,1,1.0
82,122,92,10,33,89,Questionnaire complet,Oui,91,Questionnaire complet,Oui,3,8,30,12,15,Oui,Health Center,Public,Rural,Oui,Téléphone mobile (de l'école),6-10,5 or less,0,3,3,0,2,3,1,1,1,Oui,Oui,4,Oui,Oui,Oui,5,4,4,Oui,5,Oui,Oui,Oui,4,Oui,30.0,0.0,20.0,0.0,0.0,0.0,,15.0,20.0,0.0,,0.0,0.0,0.0,15.0,Oui,Oui,Oui,Oui,Oui,Oui,Oui,Oui,Oui,Oui,0.0,0.0,0.0,0.0,0.0,0.0,Oui,10.268479,1,1,Senegal-2010,0.0,0.0,0,2,2,0,2,2,2,2,1,1.0
83,33,62,4,15,58,Questionnaire complet,Oui,61,Questionnaire complet,Oui,2,11,40,14,28,Oui,Health Center,Public,Urban,Oui,0.0,11-50,Over 5,0,1,2,0,2,1,1,1,0,4,Oui,Oui,Oui,Oui,Oui,4,Oui,Oui,Oui,5,4,Oui,Oui,Oui,Oui,30.0,0.0,0.0,0.0,0.0,0.0,30.0,0.0,0.0,0.0,,17.0,0.0,0.0,0.0,Oui,Oui,Oui,Oui,Oui,Oui,Oui,Oui,Oui,Oui,0.0,0.0,0.0,0.0,0.0,0.0,Oui,9.083515,3,1,Senegal-2010,0.0,2.0,0,2,2,0,2,2,2,2,0,1.0
84,55,51,5,19,61,Questionnaire complet,Oui,52,Questionnaire complet,Oui,2,13,30,15,0,Oui,Health Center,Public,Rural,Oui,Téléphone mobile (de l'école),6-10,5 or less,0,4,2,2,2,2,4,2,0,Oui,Oui,Oui,Oui,Oui,Oui,Oui,Oui,5,Oui,4,Oui,4,Oui,Oui,Oui,0.0,0.0,0.0,0.0,0.0,0.0,0.0,0.0,,0.0,2.0,0.0,30.0,0.0,0.0,Oui,Oui,Oui,4.0,4.0,4.0,4.0,4.0,4.0,Oui,30.0,30.0,30.0,30.0,30.0,30.0,Oui,7.144275,4,1,Senegal-2010,0.0,0.0,0,2,2,2,2,2,2,2,0,4.0
85,111,81,10,36,99,Questionnaire complet,Oui,82,Questionnaire complet,Oui,3,10,24,13,12,Oui,Health Center,Public,Urban,Oui,0.0,6-10,5 or less,1,2,6,0,0,2,2,1,2,Oui,Oui,Oui,Oui,Oui,Oui,Oui,Oui,Oui,Oui,Oui,Oui,Oui,Oui,Oui,Oui,0.0,0.0,0.0,0.0,0.0,0.0,0.0,0.0,0.0,0.0,0.0,0.0,0.0,0.0,0.0,Oui,Oui,Oui,Oui,Oui,Oui,Oui,Oui,Oui,Oui,0.0,0.0,0.0,0.0,0.0,0.0,Oui,29.602823,1,1,Senegal-2010,2.0,0.0,2,2,2,0,0,2,2,2,1,1.0
86,137,92,2,5,29,Questionnaire incomplet,Oui,91,Questionnaire imcomplet,Oui,3,9,32,12,28,Oui,Health Center,Public,Rural,Oui,Téléphone mobile (de l'école),5 or less,5 or less,0,2,2,0,1,2,1,1,1,4,Oui,Oui,Oui,Oui,Oui,4,Oui,Oui,Oui,Oui,Oui,Oui,Oui,Oui,Oui,30.0,0.0,0.0,0.0,0.0,0.0,30.0,0.0,0.0,0.0,0.0,0.0,0.0,0.0,0.0,Oui,Oui,Oui,4.0,Oui,Oui,Oui,Oui,Oui,Oui,30.0,0.0,0.0,0.0,0.0,0.0,Oui,4.2759876,3,1,Senegal-2010,0.0,0.0,0,2,2,0,2,2,2,2,1,1.0
87,8,11,1,3,11,Questionnaire complet,Oui,12,Questionnaire complet,Oui,1,11,10,16,22,Oui,Health Center,Public,Urban,Oui,Téléphone mobile (de l'école),11-50,5 or less,0,2,2,0,1,2,2,1,0,Oui,Oui,4,Oui,Oui,Oui,Oui,Oui,Oui,Oui,4,Oui,Oui,Oui,Oui,Oui,0.0,0.0,30.0,0.0,0.0,30.0,0.0,0.0,0.0,0.0,30.0,0.0,0.0,0.0,0.0,Oui,Oui,Oui,Oui,Oui,Oui,Oui,Oui,Oui,Oui,0.0,0.0,7.0,0.0,0.0,0.0,Oui,4.118316,1,1,Senegal-2010,0.0,0.0,0,2,2,0,2,2,2,2,0,1.0
88,17,62,1,4,1,Questionnaire complet,Oui,61,Questionnaire complet,Oui,2,8,30,11,0,Oui,Health Center,Public,Urban,Oui,0.0,6-10,5 or less,0,2,1,0,1,2,1,2,1,Oui,Oui,Oui,Oui,Oui,Oui,4,Oui,Oui,Oui,5,Oui,Oui,Oui,Oui,Oui,0.0,0.0,0.0,0.0,0.0,0.0,7.0,0.0,0.0,0.0,,0.0,0.0,0.0,0.0,Oui,Oui,Oui,Oui,Oui,Oui,Oui,Oui,Oui,Oui,0.0,0.0,0.0,0.0,0.0,0.0,Oui,5.420559,1,1,Senegal-2010,0.0,2.0,0,2,2,0,2,2,2,2,1,1.0
89,15,11,1,4,23,Questionnaire complet,Oui,12,Questionnaire complet,Oui,1,9,30,12,30,Oui,Health Center,Public,Urban,Oui,Téléphone mobile (de l'école),5 or less,5 or less,0,12,3,0,2,1,1,1,0,Oui,Oui,Oui,Oui,5,4,4,5,Oui,Oui,5,Oui,4,5,5,Oui,0.0,0.0,0.0,0.0,,30.0,30.0,,20.0,0.0,,0.0,30.0,,,Oui,Oui,Oui,Oui,Oui,Oui,Oui,Oui,Oui,Oui,0.0,0.0,0.0,0.0,0.0,0.0,Oui,5.420559,1,1,Senegal-2010,0.0,0.0,0,2,2,0,2,2,2,2,0,1.0
90,77,11,6,23,69,Questionnaire complet,Oui,12,Questionnaire complet,Oui,1,9,0,14,0,Oui,Health Center,Public,Rural,Oui,Téléphone mobile (de l'école),6-10,5 or less,3,3,4,0,2,6,2,3,1,Oui,Oui,Oui,Oui,Oui,Oui,Oui,Oui,4,Oui,Oui,4,Oui,Oui,Oui,Oui,0.0,0.0,0.0,0.0,0.0,0.0,0.0,0.0,30.0,0.0,0.0,0.0,0.0,0.0,0.0,Oui,Oui,Oui,Oui,Oui,Oui,Oui,Oui,Oui,Oui,0.0,0.0,0.0,0.0,0.0,0.0,Oui,5.210792,2,1,Senegal-2010,0.0,0.0,2,2,2,0,2,2,2,2,1,1.0
91,64,51,5,19,62,Questionnaire complet,Oui,52,Questionnaire complet,Oui,2,6,45,10,11,Oui,Health Center,Public,Rural,Oui,Téléphone mobile (de l'école),6-10,5 or less,0,10,5,0,2,5,1,1,1,Oui,Oui,Oui,Oui,Oui,Oui,4,Oui,5,Oui,4,Oui,Oui,Oui,4,Oui,0.0,0.0,0.0,0.0,0.0,0.0,7.0,0.0,,0.0,7.0,0.0,0.0,0.0,1.0,Oui,Oui,Oui,4.0,Oui,Oui,Oui,Oui,Oui,Oui,30.0,0.0,0.0,0.0,0.0,0.0,Oui,7.144275,4,1,Senegal-2010,0.0,0.0,0,2,2,0,2,2,2,2,1,1.0
92,45,41,4,13,49,Questionnaire complet,Oui,42,Questionnaire complet,Oui,2,12,20,15,10,Oui,Health Center,Public,Rural,Oui,0.0,5 or less,5 or less,0,4,2,1,1,3,3,3,1,Oui,Oui,Oui,Oui,Oui,Oui,5,Oui,5,Oui,Oui,Oui,Oui,Oui,5,Oui,0.0,0.0,30.0,0.0,0.0,0.0,,0.0,,0.0,0.0,0.0,0.0,0.0,,Oui,Oui,Oui,Oui,Oui,Oui,Oui,Oui,Oui,Oui,0.0,0.0,0.0,0.0,0.0,0.0,Oui,11.242344,3,1,Senegal-2010,2.0,0.0,0,2,2,2,2,2,2,2,1,1.0
93,7,32,1,3,10,Questionnaire complet,Oui,31,Questionnaire complet,Oui,1,10,45,15,15,Oui,Health Center,Public,Urban,Oui,0.0,11-50,5 or less,0,1,2,0,2,0,0,0,0,Oui,Oui,Oui,Oui,Oui,Oui,Oui,Oui,Oui,Oui,5,Oui,Oui,Oui,Oui,Oui,0.0,0.0,0.0,0.0,0.0,0.0,0.0,0.0,0.0,0.0,,0.0,0.0,0.0,0.0,Oui,Oui,Oui,Oui,Oui,Oui,Oui,Oui,4.0,Oui,0.0,0.0,0.0,0.0,0.0,3.0,Oui,4.118316,1,1,Senegal-2010,0.0,2.0,0,2,2,0,2,0,0,0,0,1.0
94,113,72,3,10,46,Questionnaire complet,Oui,71,Questionnaire complet,Oui,3,9,32,12,35,Oui,Health Center,Public,Rural,Oui,0.0,6-10,5 or less,0,4,5,1,0,3,1,1,1,4,Oui,Oui,Oui,Oui,Oui,Oui,4,Oui,Oui,4,Oui,Oui,Oui,4,Oui,7.0,0.0,0.0,0.0,0.0,0.0,0.0,1.0,0.0,0.0,30.0,0.0,0.0,0.0,7.0,Oui,Oui,Oui,Oui,Oui,Oui,Oui,Oui,Oui,Oui,0.0,0.0,0.0,0.0,0.0,0.0,Oui,14.695792,3,1,Senegal-2010,0.0,2.0,0,2,2,2,0,2,2,2,1,1.0
95,63,62,4,14,52,Questionnaire complet,Oui,61,Questionnaire complet,Oui,2,7,55,12,3,Oui,Health Center,Public,Rural,Oui,0.0,6-10,5 or less,0,2,2,1,3,2,3,2,0,Oui,Oui,Oui,Oui,Oui,Oui,4,Oui,Oui,Oui,5,Oui,Oui,Oui,Oui,Oui,0.0,0.0,0.0,0.0,0.0,0.0,30.0,0.0,0.0,0.0,,0.0,0.0,0.0,0.0,Oui,Oui,Oui,Oui,Oui,Oui,Oui,Oui,Oui,Oui,0.0,0.0,0.0,0.0,0.0,0.0,Oui,17.662157,3,1,Senegal-2010,0.0,2.0,0,2,2,2,2,2,2,2,0,1.0
96,89,31,8,29,79,Questionnaire complet,Oui,32,Questionnaire complet,Oui,1,10,30,12,59,Oui,Health Center,Public,Rural,Oui,Téléphone mobile (de l'école),5 or less,5 or less,1,3,2,0,2,0,0,2,2,Oui,Oui,4,4,5,Oui,Oui,4,5,Oui,Oui,Oui,Oui,4,Oui,Oui,0.0,0.0,30.0,30.0,,0.0,0.0,7.0,,0.0,0.0,0.0,0.0,7.0,0.0,Oui,Oui,Oui,Oui,Oui,Oui,Oui,Oui,Oui,Oui,0.0,0.0,0.0,0.0,0.0,0.0,Oui,18.727528,2,1,Senegal-2010,0.0,0.0,2,2,2,0,2,0,0,2,1,1.0
97,109,72,2,7,41,Questionnaire complet,Oui,71,Questionnaire complet,Oui,3,13,20,15,55,Oui,Health Center,Public,Rural,Oui,0.0,11-50,5 or less,0,2,3,0,0,2,3,4,1,4,Oui,Oui,Oui,Oui,Oui,Oui,Oui,4,Oui,Oui,Oui,Oui,Oui,Oui,Oui,30.0,0.0,0.0,0.0,0.0,0.0,0.0,0.0,30.0,0.0,0.0,0.0,0.0,0.0,0.0,Oui,Oui,Oui,Oui,Oui,Oui,Oui,Oui,Oui,Oui,0.0,0.0,0.0,0.0,0.0,0.0,Oui,15.088686,3,1,Senegal-2010,0.0,2.0,0,2,2,0,0,2,2,2,1,1.0
98,38,41,4,16,56,Questionnaire complet,Oui,42,Questionnaire complet,Oui,2,9,10,12,30,Oui,Health Center,Public,Rural,Oui,Téléphone mobile (de l'école),6-10,5 or less,0,5,5,0,2,4,3,1,2,Oui,Oui,Oui,Oui,Oui,Oui,5,Oui,Oui,Oui,5,Oui,Oui,Oui,Oui,Oui,0.0,0.0,12.0,0.0,0.0,0.0,,0.0,0.0,15.0,,0.0,0.0,0.0,14.0,Oui,Oui,Oui,Oui,Oui,Oui,Oui,Oui,Oui,Oui,0.0,0.0,0.0,0.0,0.0,0.0,Oui,5.8721647,3,1,Senegal-2010,0.0,0.0,0,2,2,0,2,2,2,2,1,1.0
99,26,51,1,4,26,Questionnaire complet,Oui,52,Questionnaire complet,Oui,2,8,28,12,0,Oui,Health Center,Public,Urban,Oui,0.0,5 or less,5 or less,1,3,2,1,1,2,1,1,2,Oui,4,4,Oui,Oui,Oui,Oui,Oui,Oui,Oui,4,4,Oui,Oui,Oui,Oui,0.0,30.0,30.0,0.0,0.0,0.0,0.0,0.0,0.0,0.0,30.0,30.0,0.0,0.0,0.0,Oui,Oui,Oui,Oui,Oui,Oui,Oui,Oui,Oui,Oui,0.0,0.0,0.0,0.0,0.0,0.0,Oui,5.420559,1,1,Senegal-2010,2.0,0.0,2,2,2,2,2,2,2,2,1,1.0
100,99,81,10,38,95,Questionnaire complet,Oui,82,Questionnaire complet,Oui,3,12,36,15,2,Oui,Health Center,Public,Rural,Oui,0.0,5 or less,5 or less,0,2,2,0,0,3,1,3,1,Oui,Oui,Oui,Oui,Oui,Oui,4,Oui,Oui,Oui,5,Oui,Oui,Oui,Oui,Oui,0.0,0.0,0.0,0.0,0.0,5.0,30.0,0.0,0.0,0.0,,0.0,0.0,0.0,0.0,Oui,Oui,Oui,Oui,Oui,Oui,Oui,Oui,Oui,Oui,0.0,0.0,0.0,0.0,0.0,0.0,Oui,5.2620616,1,1,Senegal-2010,0.0,2.0,0,2,2,0,0,2,2,2,1,1.0
101,147,31,6,21,67,Questionnaire complet,Oui,32,Questionnaire complet,Oui,1,11,10,14,30,Oui,Health Center,Public,Rural,Oui,0.0,6-10,Over 5,1,2,3,1,3,3,2,2,3,Oui,Oui,Oui,Oui,Oui,Oui,Oui,Oui,Oui,Oui,Oui,Oui,Oui,Oui,Oui,Oui,0.0,0.0,0.0,0.0,0.0,0.0,0.0,0.0,0.0,0.0,0.0,0.0,0.0,0.0,0.0,Oui,Oui,Oui,Oui,Oui,Oui,Oui,Oui,Oui,Oui,0.0,0.0,0.0,0.0,0.0,0.0,Oui,9.125443,2,1,Senegal-2010,2.0,0.0,2,2,2,2,2,2,2,2,1,1.0
102,146,21,6,23,70,Questionnaire complet,Oui,22,Questionnaire complet,Oui,1,9,15,12,10,Oui,Health Center,Public,Rural,Oui,Téléphone mobile (de l'école),6-10,5 or less,0,3,3,0,1,3,2,1,1,Oui,Oui,Oui,Oui,Oui,Oui,Oui,Oui,Oui,Oui,4,Oui,Oui,Oui,Oui,Oui,0.0,0.0,0.0,0.0,0.0,0.0,0.0,0.0,0.0,0.0,30.0,0.0,0.0,0.0,0.0,Oui,Oui,Oui,Oui,Oui,Oui,Oui,Oui,Oui,Oui,0.0,0.0,0.0,0.0,0.0,0.0,Oui,5.210792,2,1,Senegal-2010,0.0,0.0,0,2,2,0,2,2,2,2,1,1.0
103,35,51,4,14,51,Questionnaire complet,Oui,52,Questionnaire complet,Oui,2,7,19,10,5,Oui,Health Center,Public,Rural,Oui,Téléphone mobile (de l'école),5 or less,5 or less,0,2,2,1,2,2,2,2,0,4,4,4,Oui,Oui,Oui,5,Oui,Oui,Oui,4,Oui,Oui,4,4,Oui,30.0,15.0,15.0,0.0,0.0,0.0,,0.0,0.0,0.0,30.0,0.0,0.0,5.0,5.0,Oui,Oui,Oui,Oui,Oui,Oui,Oui,Oui,Oui,Oui,0.0,0.0,0.0,0.0,0.0,0.0,Oui,17.662157,3,1,Senegal-2010,0.0,0.0,0,2,2,2,2,2,2,2,0,1.0
104,98,92,10,38,94,Questionnaire complet,Oui,91,Questionnaire complet,Oui,3,9,45,12,33,Oui,Health Center,Public,Rural,Oui,0.0,6-10,5 or less,0,5,6,1,2,4,1,2,1,Oui,Oui,4,Oui,Oui,4,Oui,Oui,Oui,Oui,Oui,Oui,Oui,Oui,Oui,Oui,0.0,0.0,30.0,0.0,0.0,20.0,0.0,0.0,0.0,0.0,0.0,0.0,0.0,0.0,0.0,Oui,Oui,Oui,Oui,Oui,Oui,Oui,Oui,Oui,Oui,0.0,0.0,0.0,0.0,0.0,0.0,Oui,5.2620616,1,1,Senegal-2010,2.0,0.0,0,2,2,2,2,2,2,2,1,1.0
105,1,71,1,4,25,Questionnaire complet,Oui,72,Questionnaire complet,Oui,3,11,30,14,45,Oui,Health Center,Public,Urban,Oui,0.0,5 or less,5 or less,0,2,1,0,1,1,1,1,0,Oui,Oui,Oui,Oui,Oui,Oui,Oui,5,Oui,Oui,5,Oui,Oui,Oui,Oui,Oui,0.0,0.0,0.0,0.0,0.0,0.0,0.0,,0.0,0.0,,0.0,0.0,0.0,0.0,Oui,Oui,Oui,Oui,Oui,Oui,Oui,5.0,Oui,Oui,0.0,0.0,0.0,0.0,,0.0,Oui,5.420559,1,1,Senegal-2010,0.0,2.0,0,2,2,0,2,2,2,2,0,1.0
106,87,11,6,21,66,Questionnaire complet,Oui,12,Questionnaire complet,Oui,1,7,55,11,2,Oui,Health Center,Public,Rural,Oui,Téléphone mobile (de l'école),5 or less,5 or less,0,1,2,0,2,1,1,0,0,Oui,Oui,Oui,Oui,Oui,Oui,4,4,Oui,Oui,Oui,Oui,Oui,Oui,4,Oui,0.0,0.0,0.0,0.0,0.0,0.0,30.0,30.0,0.0,0.0,0.0,0.0,0.0,0.0,30.0,Oui,Oui,Oui,Oui,Oui,Oui,Oui,Oui,Oui,Oui,0.0,0.0,0.0,0.0,0.0,0.0,Oui,9.125443,2,1,Senegal-2010,0.0,0.0,0,2,2,0,2,2,2,0,0,1.0
107,104,92,2,6,35,Questionnaire incomplet,Oui,91,Questionnaire imcomplet,Oui,3,12,33,15,50,Oui,Health Center,Public,Rural,Oui,Téléphone mobile (de l'école),5 or less,5 or less,0,2,2,0,1,2,1,0,0,Oui,Oui,Oui,Oui,Oui,Oui,4,Oui,Oui,Oui,Oui,Oui,Oui,Oui,Oui,Oui,0.0,0.0,0.0,0.0,0.0,0.0,30.0,0.0,0.0,0.0,0.0,0.0,0.0,0.0,0.0,Oui,Oui,0.0,,,,,,,,,,,,,,,15.538471,3,1,Senegal-2010,0.0,0.0,0,2,2,0,2,2,2,0,0,
108,39,41,4,12,50,Questionnaire complet,Oui,42,Questionnaire complet,Oui,2,7,30,10,50,Oui,Health Center,Public,Urban,Oui,Téléphone mobile (de l'école),5 or less,Over 5,0,3,2,1,3,2,1,2,1,Oui,Oui,Oui,Oui,Oui,Oui,Oui,Oui,Oui,Oui,Oui,Oui,Oui,Oui,Oui,Oui,0.0,0.0,30.0,0.0,0.0,0.0,0.0,0.0,0.0,0.0,0.0,0.0,0.0,0.0,0.0,Oui,Oui,Oui,Oui,Oui,Oui,Oui,Oui,Oui,Oui,0.0,0.0,0.0,0.0,0.0,0.0,Oui,23.973309,3,1,Senegal-2010,0.0,0.0,0,2,2,2,2,2,2,2,1,1.0
109,97,31,10,35,98,Questionnaire complet,Oui,32,Questionnaire complet,Oui,1,8,0,11,50,Oui,Health Center,Public,Urban,Oui,0.0,6-10,5 or less,0,3,2,2,2,2,1,1,0,4,Oui,Oui,Oui,Oui,Oui,4,Oui,Oui,Oui,Oui,Oui,Oui,Oui,Oui,Oui,30.0,0.0,0.0,0.0,0.0,0.0,30.0,0.0,0.0,0.0,0.0,0.0,0.0,0.0,0.0,Oui,Oui,0.0,,,,,,,,,,,,,,,57.903713,1,1,Senegal-2010,0.0,2.0,0,2,2,2,2,2,2,2,0,
110,106,71,2,6,36,Questionnaire complet,Oui,72,Questionnaire complet,Oui,3,13,0,16,0,Oui,Health Center,Public,Rural,Oui,0.0,5 or less,5 or less,0,2,3,0,3,3,2,2,1,4,Oui,Oui,Oui,Oui,Oui,Oui,Oui,Oui,Oui,Oui,Oui,Oui,Oui,Oui,Oui,0.0,0.0,0.0,0.0,0.0,0.0,0.0,0.0,0.0,0.0,0.0,0.0,0.0,0.0,0.0,Oui,Oui,Oui,Oui,Oui,Oui,Oui,Oui,Oui,Oui,0.0,0.0,0.0,0.0,0.0,0.0,Oui,15.538471,3,1,Senegal-2010,0.0,2.0,0,2,2,0,2,2,2,2,1,1.0
111,138,82,2,5,33,Questionnaire complet,Oui,81,Questionnaire complet,Oui,3,9,12,12,7,Oui,Health Center,Public,Rural,Oui,0.0,5 or less,5 or less,0,1,2,0,0,1,1,1,0,4,Oui,Oui,Oui,Oui,Oui,Oui,Oui,Oui,Oui,Oui,Oui,Oui,Oui,Oui,Oui,30.0,0.0,29.0,0.0,0.0,0.0,0.0,0.0,0.0,0.0,0.0,0.0,0.0,0.0,0.0,Oui,Oui,Oui,Oui,Oui,Oui,Oui,Oui,Oui,Oui,0.0,0.0,0.0,0.0,0.0,0.0,Oui,4.2759876,3,1,Senegal-2010,2.0,0.0,0,2,2,0,0,2,2,2,0,1.0
112,43,51,3,8,43,Questionnaire complet,Oui,52,Questionnaire complet,Oui,2,8,58,11,50,Oui,Health Center,Public,Rural,Oui,Téléphone mobile (de l'école),5 or less,5 or less,0,3,2,1,2,2,1,1,2,Oui,Oui,Oui,Oui,Oui,Oui,4,Oui,Oui,Oui,Oui,Oui,Oui,Oui,Oui,Oui,0.0,0.0,0.0,0.0,0.0,0.0,30.0,0.0,0.0,0.0,0.0,0.0,0.0,0.0,0.0,Oui,Oui,Oui,Oui,Oui,Oui,Oui,Oui,Oui,Oui,0.0,0.0,0.0,0.0,0.0,0.0,Oui,5.8988733,3,1,Senegal-2010,0.0,0.0,0,2,2,2,2,2,2,2,1,1.0
113,134,72,2,5,31,Questionnaire complet,Oui,71,Questionnaire complet,Oui,3,9,45,11,30,Oui,Health Center,Public,Rural,Oui,0.0,6-10,5 or less,0,2,4,0,0,1,2,2,1,4,Oui,Oui,Oui,Oui,Oui,Oui,Oui,4,Oui,Oui,Oui,Oui,Oui,Oui,Oui,15.0,0.0,0.0,0.0,0.0,0.0,0.0,0.0,30.0,0.0,0.0,0.0,0.0,0.0,0.0,Oui,Oui,Oui,Oui,Oui,Oui,Oui,Oui,Oui,Oui,0.0,0.0,0.0,0.0,0.0,0.0,Oui,4.2759876,3,1,Senegal-2010,2.0,0.0,0,2,2,0,0,2,2,2,1,1.0
114,118,81,10,34,97,Questionnaire complet,Oui,82,Questionnaire complet,Oui,3,9,33,13,17,Oui,Health Center,Public,Urban,Oui,Téléphone mobile (de l'école),6-10,Over 5,0,1,3,0,1,1,1,1,1,Oui,Oui,4,Oui,Oui,Oui,Oui,Oui,Oui,Oui,5,Oui,Oui,Oui,4,Oui,0.0,1.0,0.0,0.0,0.0,0.0,0.0,0.0,0.0,0.0,,0.0,0.0,0.0,0.0,Oui,Oui,Oui,4.0,4.0,4.0,Oui,Oui,Oui,Oui,0.0,0.0,0.0,0.0,0.0,0.0,Oui,4.883962,1,1,Senegal-2010,0.0,0.0,0,2,2,0,2,2,2,2,1,4.0
115,115,71,10,32,88,Questionnaire complet,Oui,72,Questionnaire complet,Oui,3,10,10,13,7,Oui,Health Center,Public,Rural,Oui,0.0,11-50,5 or less,0,3,3,0,1,2,2,1,1,Oui,Oui,Oui,Oui,Oui,Oui,5,Oui,Oui,Oui,Oui,Oui,Oui,Oui,Oui,Oui,0.0,0.0,0.0,0.0,0.0,0.0,,0.0,0.0,0.0,0.0,0.0,0.0,0.0,0.0,Oui,Oui,Oui,Oui,Oui,Oui,Oui,Oui,Oui,Oui,0.0,0.0,0.0,0.0,0.0,0.0,Oui,34.693897,1,1,Senegal-2010,0.0,2.0,0,2,2,0,2,2,2,2,1,1.0
116,62,51,3,9,45,Questionnaire complet,Oui,52,Questionnaire complet,Oui,2,12,50,16,17,Oui,Health Center,Public,Rural,Oui,Téléphone mobile (de l'école),6-10,5 or less,0,5,3,1,2,2,2,3,7,Oui,Oui,Oui,Oui,Oui,Oui,4,Oui,Oui,4,Oui,Oui,Oui,Oui,Oui,Oui,0.0,0.0,0.0,0.0,0.0,0.0,30.0,0.0,0.0,6.0,0.0,0.0,0.0,0.0,0.0,Oui,Oui,Oui,Oui,Oui,Oui,Oui,Oui,Oui,Oui,0.0,0.0,0.0,0.0,0.0,0.0,Oui,41.199512,3,1,Senegal-2010,0.0,0.0,0,2,2,2,2,2,2,2,1,1.0
117,65,41,3,11,48,Questionnaire complet,Oui,42,Questionnaire complet,Oui,2,11,45,14,0,Oui,Health Center,Public,Rural,Oui,0.0,5 or less,5 or less,0,3,2,1,2,2,1,2,1,Oui,Oui,Oui,Oui,Oui,Oui,Oui,Oui,Oui,Oui,Oui,Oui,Oui,Oui,Oui,Oui,0.0,0.0,0.0,0.0,0.0,0.0,0.0,0.0,0.0,0.0,0.0,0.0,0.0,0.0,0.0,Oui,Oui,Oui,Oui,Oui,Oui,Oui,Oui,Oui,Oui,0.0,0.0,0.0,0.0,0.0,0.0,Oui,10.685952,3,1,Senegal-2010,2.0,0.0,0,2,2,2,2,2,2,2,1,1.0
118,81,11,7,24,107,Questionnaire complet,Oui,12,Questionnaire complet,Oui,1,9,23,13,15,Oui,Health Center,Public,Rural,Oui,Téléphone mobile (de l'école),5 or less,5 or less,0,4,2,0,2,2,1,2,1,Oui,Oui,Oui,Oui,Oui,Oui,4,Oui,4,Oui,4,Oui,4,Oui,Oui,Oui,30.0,0.0,24.0,22.0,0.0,0.0,30.0,20.0,30.0,28.0,30.0,0.0,30.0,0.0,0.0,Oui,Oui,Oui,Oui,Oui,Oui,Oui,Oui,Oui,Oui,0.0,0.0,0.0,0.0,0.0,0.0,Oui,15.78849,2,1,Senegal-2010,0.0,0.0,0,2,2,0,2,2,2,2,1,1.0
119,9,21,1,3,12,Questionnaire complet,Oui,22,Questionnaire complet,Oui,1,11,12,14,20,Oui,Health Center,Public,Urban,Oui,Téléphone mobile (de l'école),11-50,5 or less,1,4,3,0,2,3,1,2,0,4,Oui,4,Oui,Oui,Oui,4,Oui,Oui,Oui,4,Oui,4,Oui,4,Oui,30.0,0.0,30.0,0.0,0.0,15.0,30.0,0.0,0.0,0.0,30.0,0.0,30.0,0.0,30.0,Oui,Oui,Oui,Oui,Oui,Oui,Oui,Oui,Oui,Oui,0.0,15.0,0.0,0.0,0.0,15.0,Oui,4.118316,1,1,Senegal-2010,0.0,0.0,2,2,2,0,2,2,2,2,0,1.0
120,31,62,4,15,57,Questionnaire complet,Oui,61,Questionnaire complet,Oui,2,8,12,11,0,Oui,Health Center,Public,Urban,Oui,0.0,6-10,Over 5,0,0,2,0,2,2,2,2,0,Oui,Oui,Oui,Oui,Oui,Oui,Oui,Oui,Oui,4,5,Oui,Oui,Oui,4,Oui,15.0,0.0,22.0,0.0,0.0,0.0,0.0,0.0,0.0,9.0,,0.0,0.0,0.0,30.0,Oui,Oui,Oui,Oui,Oui,Oui,Oui,Oui,Oui,Oui,0.0,0.0,0.0,0.0,0.0,0.0,Oui,9.083515,3,1,Senegal-2010,0.0,2.0,0,0,2,0,2,2,2,2,0,1.0
121,19,41,1,1,7,Questionnaire complet,Oui,42,Questionnaire complet,Oui,2,10,0,14,0,Oui,Health Center,Public,Urban,Oui,0.0,5 or less,5 or less,0,5,2,0,1,1,2,1,0,Oui,Oui,Oui,Oui,Oui,Oui,Oui,5,Oui,Oui,Oui,Oui,Oui,5,5,Oui,0.0,0.0,0.0,0.0,0.0,0.0,0.0,,0.0,0.0,0.0,0.0,0.0,,,Oui,Oui,Oui,Oui,Oui,Oui,Oui,Oui,Oui,Oui,0.0,0.0,0.0,0.0,0.0,0.0,Oui,4.428247,1,1,Senegal-2010,2.0,0.0,0,2,2,0,2,2,2,2,0,1.0
122,96,11,8,28,77,Questionnaire complet,Oui,12,Questionnaire complet,Oui,1,9,0,11,45,Oui,Health Center,Public,Urban,Oui,Téléphone mobile (de l'école),5 or less,5 or less,0,3,2,1,1,1,1,1,0,Oui,Oui,Oui,Oui,Oui,Oui,Oui,Oui,Oui,Oui,4,Oui,Oui,Oui,Oui,Oui,0.0,0.0,30.0,30.0,0.0,0.0,0.0,0.0,0.0,30.0,30.0,0.0,0.0,0.0,0.0,Oui,Oui,Oui,Oui,Oui,Oui,Oui,Oui,Oui,Oui,0.0,0.0,0.0,0.0,0.0,0.0,Oui,35.632526,2,1,Senegal-2010,0.0,0.0,0,2,2,2,2,2,2,2,0,1.0
123,16,92,1,4,24,Questionnaire complet,Oui,91,Questionnaire complet,Oui,3,10,0,12,0,Oui,Health Center,Public,Urban,Oui,0.0,11-50,5 or less,0,4,4,0,2,4,3,2,0,Oui,Oui,4,Oui,Oui,Oui,Oui,Oui,4,Oui,5,Oui,Oui,Oui,Oui,Oui,0.0,0.0,8.0,0.0,0.0,0.0,0.0,0.0,4.0,0.0,,0.0,0.0,0.0,0.0,Oui,Oui,Oui,Oui,Oui,Oui,Oui,Oui,Oui,Oui,0.0,0.0,0.0,0.0,0.0,0.0,Oui,5.420559,1,1,Senegal-2010,2.0,0.0,0,2,2,0,2,2,2,2,0,1.0
124,47,51,4,16,55,Questionnaire complet,Oui,52,Questionnaire complet,Oui,2,9,10,11,20,Oui,Health Center,Public,Rural,Oui,Téléphone mobile (de l'école),6-10,5 or less,0,5,2,1,1,2,1,2,0,Oui,Oui,Oui,Oui,Oui,Oui,Oui,Oui,Oui,Oui,Oui,Oui,Oui,Oui,Oui,Oui,0.0,0.0,0.0,0.0,15.0,0.0,0.0,0.0,0.0,0.0,21.0,0.0,0.0,0.0,0.0,Oui,Oui,Oui,Oui,Oui,Oui,Oui,Oui,Oui,Oui,0.0,0.0,0.0,0.0,0.0,0.0,Oui,5.8721647,3,1,Senegal-2010,0.0,0.0,0,2,2,2,2,2,2,2,0,1.0
125,130,92,10,37,93,Questionnaire incomplet,Oui,91,Questionnaire imcomplet,Oui,3,9,10,12,21,Oui,Health Center,Public,Rural,Oui,Téléphone mobile (de l'école),5 or less,5 or less,0,1,1,0,1,1,1,2,0,5,Oui,4,Oui,Oui,Oui,Oui,Oui,Oui,Oui,4,5,Oui,Oui,Oui,Oui,,0.0,30.0,0.0,0.0,0.0,0.0,0.0,0.0,0.0,30.0,,0.0,0.0,0.0,Oui,Oui,0.0,,,,,,,,,,,,,,,14.711594,1,1,Senegal-2010,0.0,0.0,0,2,2,0,2,2,2,2,0,
126,83,21,6,20,72,Questionnaire complet,Oui,22,Questionnaire complet,Oui,1,9,30,12,29,Oui,Health Center,Public,Urban,Oui,Téléphone mobile (de l'école),5 or less,5 or less,0,1,3,0,2,1,1,0,0,4,Oui,Oui,Oui,Oui,Oui,Oui,Oui,5,Oui,Oui,Oui,Oui,Oui,5,Oui,30.0,0.0,0.0,0.0,0.0,0.0,0.0,0.0,,0.0,0.0,0.0,0.0,0.0,,Oui,Oui,Oui,Oui,Oui,Oui,Oui,Oui,Oui,Oui,0.0,0.0,0.0,0.0,0.0,0.0,Oui,17.828136,2,1,Senegal-2010,0.0,0.0,0,2,2,0,2,2,2,0,0,1.0
127,151,11,5,17,74,Questionnaire complet,Oui,12,Questionnaire complet,Oui,3,11,0,13,45,Oui,Health Center,Public,Urban,Oui,Téléphone mobile (de l'école),6-10,5 or less,0,1,3,0,2,2,2,2,2,Oui,Oui,Oui,Oui,Oui,Oui,Oui,Oui,Oui,Oui,Oui,Oui,Oui,Oui,Oui,Oui,0.0,0.0,0.0,0.0,0.0,0.0,0.0,0.0,0.0,0.0,0.0,0.0,0.0,0.0,0.0,Oui,Oui,Oui,Oui,Oui,Oui,Oui,Oui,Oui,Oui,0.0,0.0,6.0,0.0,10.0,0.0,Oui,6.934945,4,1,Senegal-2010,0.0,0.0,0,2,2,0,2,2,2,2,1,1.0
128,120,92,10,34,90,Questionnaire complet,Oui,91,Questionnaire complet,Oui,3,9,10,11,5,Oui,Health Center,Public,Urban,Oui,0.0,5 or less,5 or less,1,2,3,2,3,4,2,1,5,Oui,Oui,Oui,Oui,Oui,Oui,Oui,Oui,4,Oui,Oui,Oui,Oui,Oui,Oui,Oui,0.0,0.0,0.0,0.0,0.0,0.0,0.0,0.0,25.0,0.0,0.0,0.0,0.0,0.0,0.0,Oui,Oui,Oui,Oui,Oui,Oui,Oui,Oui,Oui,Oui,0.0,0.0,0.0,0.0,0.0,0.0,Oui,4.883962,1,1,Senegal-2010,2.0,0.0,2,2,2,2,2,2,2,2,1,1.0
129,145,81,6,23,73,Questionnaire complet,Oui,32,Questionnaire complet,Oui,1,8,30,12,0,Oui,Health Center,Public,Urban,Oui,0.0,6-10,5 or less,0,10,6,1,1,3,2,0,1,Oui,Oui,Oui,Oui,Oui,Oui,Oui,Oui,5,Oui,Oui,Oui,Oui,Oui,Oui,Oui,0.0,0.0,0.0,0.0,0.0,0.0,0.0,0.0,,0.0,0.0,0.0,0.0,0.0,0.0,Oui,Oui,Oui,Oui,Oui,Oui,Oui,Oui,Oui,Oui,0.0,0.0,0.0,0.0,0.0,0.0,Oui,5.7917,2,1,Senegal-2010,2.0,0.0,0,2,2,2,2,2,2,0,1,1.0
130,42,62,9,30,84,Questionnaire complet,Oui,62,Questionnaire complet,Oui,2,9,0,12,8,Oui,Health Center,Public,Rural,Oui,Téléphone mobile (de l'école),5 or less,5 or less,0,1,2,0,2,2,2,2,0,4,Oui,Oui,4,Oui,Oui,4,Oui,Oui,Oui,5,5,Oui,Oui,5,Oui,30.0,0.0,29.0,30.0,0.0,0.0,5.0,0.0,0.0,0.0,,,0.0,0.0,,Oui,Oui,Oui,4.0,Oui,Oui,Oui,4.0,4.0,Oui,25.0,0.0,0.0,19.0,25.0,19.0,Oui,35.099323,4,1,Senegal-2010,0.0,0.0,0,2,2,0,2,2,2,2,0,1.0
131,37,41,9,31,87,Questionnaire complet,Oui,42,Questionnaire complet,Oui,2,7,40,10,0,Oui,Health Center,Public,Urban,Oui,0.0,5 or less,Over 5,0,2,2,0,2,2,2,2,0,Oui,Oui,Oui,Oui,Oui,Oui,5,Oui,Oui,Oui,Oui,Oui,Oui,Oui,Oui,Oui,0.0,0.0,0.0,0.0,0.0,0.0,,0.0,0.0,0.0,0.0,0.0,0.0,0.0,0.0,Oui,Oui,Oui,Oui,Oui,Oui,Oui,Oui,Oui,Oui,0.0,0.0,0.0,0.0,0.0,0.0,Oui,5.005709,4,1,Senegal-2010,2.0,0.0,0,2,2,0,2,2,2,2,0,1.0
132,59,41,5,17,59,Questionnaire complet,Oui,42,Questionnaire complet,Oui,2,8,30,10,30,Oui,Health Center,Public,Rural,Oui,0.0,5 or less,Over 5,0,2,2,0,2,2,2,1,1,Oui,Oui,Oui,Oui,Oui,Oui,4,Oui,Oui,Oui,Oui,Oui,Oui,Oui,Oui,4,30.0,0.0,0.0,0.0,0.0,0.0,30.0,0.0,0.0,0.0,15.0,0.0,0.0,0.0,0.0,Non,Oui,Oui,Oui,Oui,Oui,Oui,Oui,Oui,Oui,0.0,0.0,0.0,0.0,10.0,0.0,Oui,11.863829,4,1,Senegal-2010,2.0,0.0,0,2,2,0,2,2,2,2,1,1.0
133,11,81,1,4,15,Questionnaire complet,Oui,82,Questionnaire complet,Oui,3,9,51,13,40,Oui,Health Center,Public,Urban,Oui,0.0,5 or less,5 or less,0,2,2,0,0,2,2,2,0,Oui,Oui,Oui,Oui,5,Oui,5,5,4,Oui,5,Oui,Oui,5,5,Oui,0.0,0.0,0.0,0.0,,0.0,,,30.0,0.0,,0.0,0.0,,,Oui,Oui,Oui,Oui,Oui,Oui,Oui,Oui,Oui,Oui,0.0,0.0,0.0,0.0,0.0,0.0,Oui,5.420559,1,1,Senegal-2010,0.0,2.0,0,2,2,0,0,2,2,2,0,1.0
134,12,22,1,4,17,Questionnaire complet,Oui,21,Questionnaire complet,Oui,1,10,0,13,0,Oui,Health Center,Public,Urban,Oui,Téléphone mobile (de l'école),6-10,5 or less,0,4,3,0,0,2,0,1,2,4,Oui,Oui,Oui,Oui,Oui,Oui,Oui,Oui,Oui,Oui,Oui,4,Oui,Oui,Oui,30.0,0.0,0.0,0.0,0.0,0.0,0.0,0.0,0.0,0.0,0.0,0.0,30.0,0.0,0.0,Oui,Oui,Oui,4.0,Oui,Oui,Oui,5.0,Oui,Oui,7.0,0.0,0.0,0.0,,0.0,Oui,5.420559,1,1,Senegal-2010,0.0,0.0,0,2,2,0,0,2,0,2,1,1.0
135,78,81,7,24,106,Questionnaire complet,Oui,32,Questionnaire complet,Oui,1,9,15,12,50,Oui,Health Center,Public,Urban,Oui,Téléphone mobile (de l'école),5 or less,5 or less,0,2,2,0,1,1,1,1,0,Oui,Oui,Oui,Oui,Oui,Oui,Oui,Oui,Oui,Oui,Oui,Oui,Oui,Oui,Oui,Oui,0.0,0.0,0.0,0.0,0.0,0.0,0.0,0.0,0.0,0.0,0.0,0.0,0.0,0.0,0.0,Oui,Oui,Oui,Oui,Oui,Oui,Oui,Oui,Oui,Oui,0.0,0.0,0.0,0.0,0.0,0.0,Oui,6.7639503,2,1,Senegal-2010,0.0,0.0,0,2,2,0,2,2,2,2,0,1.0
136,80,31,7,24,108,Questionnaire complet,Oui,32,Questionnaire complet,Oui,1,11,45,15,0,Oui,Health Center,Public,Rural,Oui,Téléphone mobile (de l'école),5 or less,5 or less,0,5,3,0,2,1,2,3,0,Oui,Oui,Oui,Oui,Oui,Oui,4,Oui,Oui,Oui,Oui,Oui,Oui,Oui,Oui,Oui,0.0,0.0,0.0,0.0,0.0,0.0,2.0,0.0,0.0,0.0,0.0,0.0,0.0,0.0,0.0,Oui,Oui,Oui,Oui,Oui,Oui,Oui,Oui,Oui,Oui,0.0,0.0,0.0,0.0,0.0,0.0,Oui,15.78849,2,1,Senegal-2010,0.0,0.0,0,2,2,0,2,2,2,2,0,1.0
137,71,22,7,25,109,Questionnaire complet,Oui,21,Questionnaire complet,Oui,1,8,55,11,30,Oui,Health Center,Public,Rural,Oui,0.0,5 or less,5 or less,0,3,2,1,2,2,1,1,1,Oui,Oui,Oui,Oui,Oui,Oui,Oui,Oui,4,Oui,Oui,Oui,Oui,Oui,Oui,Oui,0.0,0.0,0.0,0.0,0.0,0.0,0.0,0.0,30.0,0.0,0.0,0.0,0.0,0.0,0.0,Oui,Oui,Oui,Oui,Oui,Oui,Oui,Oui,Oui,4.0,0.0,0.0,0.0,0.0,0.0,0.0,Non,33.1509,2,1,Senegal-2010,2.0,0.0,0,2,2,2,2,2,2,2,1,1.0
138,49,51,9,31,86,Questionnaire complet,Oui,52,Questionnaire complet,Oui,2,6,45,11,13,Oui,Health Center,Public,Rural,Oui,Téléphone mobile (de l'école),6-10,5 or less,0,1,2,0,2,1,2,2,1,Oui,Oui,Oui,Oui,Oui,Oui,4,Oui,Oui,Oui,Oui,Oui,Oui,Oui,Oui,Oui,0.0,0.0,0.0,0.0,0.0,0.0,30.0,0.0,0.0,0.0,0.0,0.0,0.0,0.0,0.0,Oui,Oui,Oui,4.0,4.0,Oui,4.0,Oui,Oui,Oui,7.0,7.0,0.0,7.0,0.0,0.0,Oui,20.285822,4,1,Senegal-2010,0.0,0.0,0,2,2,0,2,2,2,2,1,4.0
139,73,22,6,23,71,Questionnaire complet,Oui,22,Questionnaire complet,Oui,1,11,0,13,19,Oui,Health Center,Public,Rural,Oui,Téléphone mobile (de l'école),6-10,5 or less,0,10,4,1,1,4,2,4,0,Oui,4,Oui,Oui,Oui,Oui,Oui,4,4,4,Oui,Oui,Oui,Oui,Oui,Oui,0.0,30.0,0.0,0.0,0.0,0.0,0.0,15.0,30.0,30.0,0.0,0.0,0.0,0.0,0.0,Oui,Oui,Oui,Oui,4.0,Oui,Oui,Oui,Oui,Oui,0.0,0.0,0.0,0.0,0.0,0.0,Oui,5.210792,2,1,Senegal-2010,0.0,0.0,0,2,2,2,2,2,2,2,0,4.0
140,20,51,1,3,8,Questionnaire complet,Oui,52,Questionnaire complet,Oui,2,10,50,13,50,Oui,Health Center,Public,Urban,Oui,0.0,11-50,5 or less,0,1,2,0,2,3,0,0,1,Oui,Oui,Oui,Oui,Oui,Oui,4,Oui,4,Oui,5,5,Oui,Oui,4,Oui,0.0,0.0,0.0,0.0,0.0,0.0,30.0,0.0,30.0,0.0,,,0.0,0.0,30.0,Oui,Oui,Oui,Oui,Oui,,,Oui,,4.0,30.0,30.0,,,30.0,,Non,4.118316,1,1,Senegal-2010,2.0,0.0,0,2,2,0,2,2,0,0,1,1.0
141,132,92,10,37,92,Questionnaire complet,Oui,91,Questionnaire complet,Oui,3,9,30,12,35,Oui,Health Center,Public,Rural,Oui,0.0,6-10,5 or less,0,2,3,0,2,2,1,1,1,4,Oui,Oui,Oui,Oui,Oui,Oui,Oui,4,Oui,Oui,Oui,Oui,Oui,Oui,Oui,30.0,0.0,7.0,0.0,0.0,0.0,0.0,0.0,30.0,0.0,20.0,0.0,0.0,0.0,0.0,Oui,Oui,Oui,Oui,Oui,Oui,Oui,Oui,Oui,Oui,0.0,0.0,0.0,0.0,0.0,0.0,Oui,14.711594,1,1,Senegal-2010,2.0,0.0,0,2,2,0,2,2,2,2,1,1.0
142,121,92,10,34,96,Questionnaire incomplet,Oui,91,Questionnaire imcomplet,Oui,3,8,55,13,0,Oui,Health Center,Public,Urban,Oui,0.0,11-50,Over 5,0,10,10,1,3,10,8,2,1,5,Oui,4,Oui,Oui,Oui,Oui,Oui,4,Oui,4,Oui,Oui,Oui,Oui,Oui,,0.0,20.0,0.0,0.0,0.0,0.0,0.0,15.0,0.0,27.0,0.0,0.0,0.0,0.0,Oui,Oui,Oui,Oui,Oui,Oui,Oui,Oui,Oui,Oui,0.0,0.0,0.0,0.0,0.0,0.0,Oui,4.883962,1,1,Senegal-2010,2.0,0.0,0,2,2,2,2,2,2,2,1,1.0
143,82,32,6,20,64,Questionnaire complet,Oui,31,Questionnaire complet,Oui,1,9,30,10,15,Oui,Health Center,Public,Rural,Oui,Téléphone mobile (de l'école),5 or less,5 or less,0,5,2,0,1,2,1,1,0,Oui,Oui,Oui,Oui,Oui,Oui,Oui,Oui,Oui,Oui,Oui,Oui,Oui,Oui,Oui,Oui,6.0,0.0,0.0,0.0,30.0,0.0,30.0,0.0,0.0,0.0,0.0,0.0,30.0,0.0,0.0,Oui,Oui,Oui,Oui,Oui,Oui,Oui,Oui,Oui,Oui,0.0,0.0,0.0,0.0,0.0,0.0,Oui,13.853336,2,1,Senegal-2010,0.0,0.0,0,2,2,0,2,2,2,2,0,1.0
144,10,81,1,3,13,Questionnaire complet,Oui,82,Questionnaire complet,Oui,3,10,40,14,29,Oui,Health Center,Public,Urban,Oui,Téléphone mobile (de l'école),6-10,5 or less,0,4,4,0,2,4,2,2,1,Oui,Oui,Oui,Oui,Oui,Oui,Oui,Oui,Oui,Oui,5,5,Oui,Oui,Oui,Oui,0.0,0.0,0.0,0.0,0.0,0.0,0.0,0.0,0.0,0.0,,,0.0,0.0,0.0,Oui,Oui,Oui,Oui,Oui,Oui,Oui,Oui,Oui,Oui,0.0,0.0,0.0,0.0,0.0,0.0,Oui,4.118316,1,1,Senegal-2010,0.0,0.0,0,2,2,0,2,2,2,2,1,1.0
145,144,71,2,5,30,Questionnaire complet,Oui,72,Questionnaire complet,Oui,3,12,35,16,56,Oui,Health Center,Public,Rural,Oui,Téléphone mobile (de l'école),5 or less,5 or less,0,1,1,0,0,1,1,1,0,4,Oui,Oui,Oui,Oui,Oui,Oui,Oui,Oui,Oui,Oui,Oui,Oui,Oui,Oui,Oui,30.0,0.0,0.0,0.0,0.0,0.0,0.0,0.0,0.0,0.0,0.0,0.0,0.0,0.0,0.0,Oui,Oui,Oui,Oui,Oui,Oui,Oui,Oui,Oui,Oui,0.0,0.0,0.0,0.0,0.0,0.0,Oui,4.2759876,3,1,Senegal-2010,0.0,0.0,0,2,2,0,0,2,2,2,0,1.0
146,127,92,10,37,102,Questionnaire complet,Oui,91,Questionnaire complet,Oui,3,13,11,16,57,Oui,Health Center,Public,Rural,Oui,Téléphone mobile (de l'école),6-10,5 or less,0,2,1,1,2,1,1,1,1,Oui,Oui,4,Oui,Oui,Oui,Oui,Oui,Oui,Oui,Oui,Oui,Oui,Oui,Oui,Oui,0.0,0.0,19.0,0.0,0.0,0.0,0.0,0.0,0.0,0.0,0.0,0.0,0.0,0.0,0.0,Oui,Oui,Oui,4.0,Oui,Oui,Oui,Oui,4.0,Oui,10.0,0.0,0.0,0.0,0.0,15.0,Oui,14.711594,1,1,Senegal-2010,0.0,0.0,0,2,2,2,2,2,2,2,1,1.0
147,107,81,2,7,40,Questionnaire complet,Oui,82,Questionnaire complet,Oui,3,13,2,15,20,Oui,Health Center,Public,Rural,Oui,0.0,6-10,5 or less,0,4,3,0,1,2,1,3,1,Oui,Oui,Oui,Oui,Oui,Oui,5,Oui,Oui,Oui,Oui,Oui,Oui,Oui,Oui,Oui,0.0,0.0,0.0,0.0,0.0,0.0,,0.0,0.0,0.0,0.0,0.0,0.0,0.0,0.0,Oui,Oui,Oui,4.0,Oui,Oui,Oui,Oui,Oui,Oui,1.0,0.0,0.0,0.0,0.0,0.0,Oui,15.088686,3,1,Senegal-2010,0.0,2.0,0,2,2,0,2,2,2,2,1,1.0
148,108,92,2,7,39,Questionnaire complet,Oui,91,Questionnaire complet,Oui,3,9,37,12,52,Oui,Health Center,Public,Rural,Oui,0.0,5 or less,5 or less,0,1,2,1,1,2,2,2,1,4,Oui,4,Oui,Oui,Oui,4,Oui,Oui,Oui,Oui,Oui,Oui,Oui,Oui,Oui,2.0,0.0,30.0,0.0,0.0,0.0,2.0,0.0,0.0,0.0,0.0,0.0,0.0,0.0,0.0,Oui,Oui,Oui,Oui,Oui,Oui,Oui,Oui,Oui,Oui,0.0,0.0,0.0,0.0,0.0,0.0,Oui,15.088686,3,1,Senegal-2010,2.0,0.0,0,2,2,2,2,2,2,2,1,1.0
149,18,81,1,2,3,Questionnaire complet,Oui,52,Questionnaire complet,Oui,2,14,1,17,1,Oui,Health Center,Public,Urban,Oui,0.0,11-50,5 or less,1,4,4,0,1,3,2,1,0,Oui,Oui,Oui,Oui,Oui,Oui,Oui,Oui,Oui,Oui,4,4,Oui,Oui,4,4,0.0,0.0,0.0,7.0,0.0,30.0,0.0,0.0,0.0,0.0,30.0,30.0,0.0,0.0,30.0,Non,Oui,Oui,Oui,Oui,Oui,Oui,Oui,Oui,Oui,0.0,0.0,0.0,0.0,0.0,0.0,Oui,3.6781507,1,1,Senegal-2010,2.0,0.0,2,2,2,0,2,2,2,2,0,1.0
150,84,11,6,20,65,Questionnaire complet,Oui,12,Questionnaire complet,Oui,1,8,30,12,15,Oui,Health Center,Public,Rural,Oui,Téléphone mobile (de l'école),5 or less,5 or less,0,2,3,0,2,3,2,1,1,Oui,Oui,Oui,Oui,Oui,Oui,Oui,Oui,Oui,Oui,Oui,Oui,Oui,Oui,Oui,Oui,0.0,0.0,15.0,0.0,0.0,0.0,0.0,0.0,0.0,0.0,0.0,0.0,0.0,0.0,0.0,Oui,Oui,Oui,Oui,Oui,Oui,Oui,Oui,Oui,Oui,0.0,0.0,0.0,0.0,0.0,0.0,Oui,13.853336,2,1,Senegal-2010,0.0,0.0,0,2,2,0,2,2,2,2,1,1.0
151,60,11,3,8,47,Questionnaire complet,Oui,12,Questionnaire complet,Oui,3,9,45,13,0,Oui,Health Center,Public,Rural,Oui,Téléphone mobile (de l'école),6-10,5 or less,0,2,2,0,2,2,3,2,2,Oui,Oui,Oui,4,Oui,Oui,Oui,Oui,Oui,Oui,4,Oui,Oui,Oui,Oui,Oui,0.0,0.0,0.0,1.0,0.0,0.0,0.0,0.0,0.0,0.0,0.0,0.0,0.0,0.0,0.0,Oui,Oui,Oui,4.0,Oui,Oui,4.0,Oui,4.0,Oui,1.0,0.0,0.0,1.0,0.0,1.0,Oui,5.8988733,3,1,Senegal-2010,0.0,0.0,0,2,2,0,2,2,2,2,1,1.0
